time_s,road_mm,z_sprung_mm,z_unsprung_mm,vel_sprung_mm_s,vel_unsprung_mm_s,susp_travel_mm,accel_sprung_g,wheel_rate_N_mm,motion_ratio
0.0,0.0,0.0,0.0,0.0,0.0,0.0,0.00018512124855802402,0.08375935560972035,-0.0461054239074952
0.006012024048096192,1.1321621103872315,1.6486037153136126e-05,0.107581665811154,0.010914344441913103,52.60220490750001,0.10756517977400086,0.0006941876941763798,0.0840059704270986,-0.04617324871023358
0.012024048096192385,2.2578652520102,0.00025355113290401865,0.7863376046672612,0.0818555801734845,180.4544419972659,0.7860840535343572,0.0019774918387322825,0.0841135310646602,-0.04620279920121584
0.018036072144288578,3.370687304429732,0.0011870163196938924,2.2828342551304988,0.24409154292252158,310.96786293841,2.281647238810805,0.003397123155689297,0.08402119800460608,-0.046177433382228725
0.02404809619238477,4.464279633637661,0.0033437467635305043,4.3788661574818795,0.48242950155312914,369.76801579858596,4.375522410718349,0.0042376209920525765,0.08377991705845728,-0.0461110825955989
0.03006012024048096,5.532403310923702,0.007034443358573509,6.511629154370934,0.7437732972517286,322.23602323749236,6.50459471101236,0.004109241393332318,0.08352358969183084,-0.04604048938420532
0.036072144288577156,6.568964705875159,0.012208650674274074,8.085851344217666,0.9669732944580075,192.68701573461567,8.073642693543391,0.00315891117440628,0.08339410507752437,-0.04600478780976856
0.04208416833667335,7.568050250451897,0.018510089788674397,8.80288853405692,1.1162583024840895,50.575865708852625,8.784378444268246,0.0019769371377685793,0.08346203381992029,-0.04602352061623446
0.04809619238476954,8.52396017580806,0.02549662278534539,8.823001869507955,1.200085085024319,-28.44167624120918,8.79750524672261,0.0012692520961857848,0.08368736373459316,-0.04608560564703529
0.05410821643286573,9.431241029392393,0.03290302999176854,8.670878157048515,1.2659229646371195,-4.756810846347711,8.637975127056746,0.0014710966453611416,0.08394237979036977,-0.04615576934455515
0.06012024048096192,10.284716786817617,0.040803452310656046,8.938167838540853,1.3735503746102609,103.2393964713884,8.897364386230196,0.0025013415174229606,0.08408345517817381,-0.04619453825695838
0.06613226452905811,11.07951838100607,0.049581535833597506,9.949956129423818,1.5608702286672103,229.6851412415799,9.90037459359022,0.0038009303281806715,0.08403123588310699,-0.04618019167200266
0.07214428857715431,11.811111480148243,0.05972175598380286,11.581602815664152,1.8217394736425614,298.24627963521556,11.521881059680348,0.004649856775611133,0.08381460373918835,-0.04612062709587965
0.0781563126252505,12.47532235600137,0.07154045708637381,13.327616625679616,2.109161025643726,264.81061108854396,13.256076168593241,0.0045788374970868705,0.08355415494989489,-0.0460489128171791
0.0841683366733467,13.068361694949798,0.08501103310440607,14.583081347140425,2.3616559875600798,142.02055831938574,14.498070314036019,0.0036280384262169507,0.08339462700325985,-0.04600493177105409
0.09018036072144288,13.586846215985354,0.09977946528553422,14.979706130485479,2.536963466915796,-7.974549864338789,14.879926665199944,0.002313304841680729,0.08342397664744941,-0.04601302647480823
0.09619238476953908,14.027817972277456,0.11535665836373644,14.588608485098511,2.6344307882695186,-108.3750925426316,14.473251826734774,0.0013377493018954989,0.0836243444153628,-0.04606825039574276
0.10220440881763528,14.388761226217788,0.13138012617827394,13.877237233694359,2.694705020319806,-110.63070442071465,13.745857107516086,0.0012079409584882755,0.08388248671143209,-0.0461393002831401
0.10821643286573146,14.667616801667627,0.14780286531937611,13.445391056740347,2.776865908917523,-21.39968516672002,13.29758819142097,0.0019514717151884815,0.0840535362661948,-0.04618631896287609
0.11422845691382766,14.86279383152849,0.16490405519111195,13.688598248244059,2.9248140395072184,101.43098266392435,13.523694193052947,0.00309467237017417,0.08404197739054724,-0.04618314312818551
0.12024048096192384,14.97317883361632,0.18311235080488553,14.577213704946448,3.141776154997305,181.32133732130694,14.394101354141563,0.003929409984745365,0.08385467153530479,-0.04613164982341753
0.12625250501002003,14.99814206306156,0.20274133214484982,15.674055102702296,3.388152898347737,165.9339254687862,15.471313770557446,0.003918601909014372,0.08359662555114822,-0.04606061466824099
0.13226452905811623,14.937541104994676,0.2237892431211322,16.37977214121394,3.6038405727652703,56.30153744778113,16.15598289809281,0.0029961665489955623,0.08341208588639104,-0.04600974714539403
0.13827655310621242,14.791721687020965,0.2459148832230428,16.268077926049866,3.74144776834021,-93.91687314955679,16.022163042826822,0.0015933614873417869,0.08340386689113546,-0.04600748030836873
0.14428857715430862,14.561515706849493,0.26859852805765827,15.323248147708151,3.7917227983745736,-208.5576366032809,15.054649619650492,0.0003953782934065722,0.08357596152505113,-0.04605492151637851
0.15030060120240482,14.248236486328455,0.2913969436916917,13.947761518566184,3.7880690493947458,-231.52304451297783,13.656364574874491,-3.247064473284064e-05,0.08383168628312505,-0.04612532685859223
0.156312625250501,13.853671278962697,0.314154012859332,12.736647195672063,3.7878940018033993,-157.98496789146654,12.422493182812731,0.0004429124026792326,0.08402821841462854,-0.04617936252482775
0.1623246492985972,13.380071073657831,0.33705074317110295,12.145432124155855,3.8402953449506696,-36.83563736737641,11.808381380984752,0.0014419051048610765,0.0840565235928384,-0.04618713970404557
0.1683366733466934,12.830137752860502,0.3604637572095316,12.237605944611532,3.9579171524637506,56.87459505263243,11.877142187402,0.002284028344353271,0.0839019849088732,-0.04614466243290994
0.1743486973947896,12.20700867835739,0.38471108114860636,12.65225282729882,4.109617988996586,63.98924392299833,12.267541746150213,0.0023776471373233477,0.08365216429606777,-0.04607591267797786
0.18036072144288576,11.514238792670774,0.4098313891469882,12.80901483108083,4.238278915580769,-25.75054996153347,12.399183441933841,0.0015534178675161159,0.08344759895846383,-0.04601954053187363
0.18637274549098196,10.755780338161895,0.43552132867685617,12.235002599886263,4.292790237459234,-168.13579180983223,11.799481271209407,0.00014970638169445457,0.0834031766094174,-0.04600728992038406
0.19238476953907815,9.935960309544424,0.4612619245964023,10.830603674790998,4.255931638082299,-289.35198667286693,10.369341750194597,-0.001181112766317063,0.0835439573910637,-0.04604610265874555
0.19839679358717435,9.059455768441055,0.4865614136450941,8.926053918528995,4.15351858002673,-327.2771752647858,8.439492504883901,-0.0018292097314829506,0.08379146900378989,-0.04611426148597933
0.20440881763527055,8.13126716081335,0.5111823522926621,7.097951719928793,4.040239217882933,-266.09615639679373,6.586769367636131,-0.0015622089069484628,0.08400807265805221,-0.046173826444321484
0.21042084168336672,7.156689789488542,0.5352285742751073,5.849080785137454,3.9693097305999627,-144.92195878637273,5.313852210862347,-0.0006599546904515995,0.08407408419773249,-0.046191964027727156
0.21643286573146292,6.1412836045320685,0.559041002315976,5.330901881690702,3.9624202439536678,-35.70593468206455,4.771860879374726,0.0002394375780094735,0.08395441839506898,-0.04615907894301039
0.22244488977955912,5.090841483811424,0.5829593014693336,5.263496804189044,3.9975431637589196,-2.9057254415143694,4.6805375027197105,0.0005044634889648608,0.08371779101722886,-0.04609398285148819
0.22845691382765532,4.011356184710163,0.6070861283753722,5.096828187070569,4.021904374703856,-67.50596630407918,4.489742058695197,-0.00013159027212641705,0.08349800446830394,-0.04603343720625647
0.2344689378757515,2.90898615553212,0.6311880618724656,4.322275542947143,3.982026613753126,-195.45942990033728,3.691087481074677,-0.0014290003485401515,0.08341905634827815,-0.046011669543603126
0.24048096192384769,1.7900204016412653,0.6547853286864577,2.759904492531441,3.853402896531375,-316.9003591655524,2.1051191638449835,-0.0027822196419811313,0.08352583924189068,-0.04604110938682178
0.24649298597194388,0.6608426067754367,0.6773772831234119,0.6611540207449362,3.653959428357924,-365.2859967842715,-0.01622326237847571,-0.00355234529142802,0.08375928064263055,-0.04610540327463453
0.25250501002004005,-0.4721052857787914,0.698680276956642,-1.4297123277740493,3.4345258590301815,-314.53656567212,-2.128392604730691,-0.0034168900358851196,0.08398985195479178,-0.04616881879929821
0.25851703406813625,-1.6023598243810369,0.7187481233681141,-2.9771017024217596,3.2510546828218994,-193.43629767044337,-3.6958498257898738,-0.002553424868666855,0.0840902398203811,-0.04619640192378386
0.26452905811623245,-2.723472922936998,0.7379061506120623,-3.7495377064919952,3.133437153759899,-69.33950474821,-4.487443857104058,-0.0015446061482227533,0.0840063276596829,-0.04617334688522842
0.27054108216432865,-3.8290486471380176,0.7565336251381363,-3.94410144601677,3.0689214738022357,-10.406093910163616,-4.700635071154906,-0.0010460989492492205,0.08378705196830946,-0.04611304602206655
0.27655310621242485,-4.912779703175527,0.7748189014761889,-4.071089796907853,3.0100857357961126,-47.54687121320394,-4.845908698384042,-0.0014131345039116426,0.08355670843141065,-0.04604961645752715
0.28256513026052105,-5.9684834207626585,0.7926272368893029,-4.6643135448789685,2.9022908267146392,-157.32513285662736,-5.456940781768272,-0.002507303488092401,0.0834453366040526,-0.046018916707956076
0.28857715430861725,-6.990137025180445,0.8095528227788995,-5.979489983061095,2.714435462230966,-275.2709865106464,-6.789042805839994,-0.0037822395045576376,0.08351602322778462,-0.04603840391590307
0.29458917835671344,-7.971911997122078,0.8251223314575238,-7.8491902315014705,2.456305667948665,-332.056991467033,-8.674312562958994,-0.00458582929112942,0.08372981210768432,-0.04609729206474571
0.30060120240480964,-8.908207324312786,0.8390376814002407,-9.774752145265552,2.173694506505262,-292.25229836558736,-10.613789826665792,-0.00451698621064651,0.08396793563427432,-0.04616279475815585
0.3066132264529058,-9.793681455205336,0.8513257136823639,-11.202934737605014,1.9236823875161626,-173.99823267957723,-12.054260451287378,-0.0036516761624471694,0.0840985449530091,-0.04619868315031516
0.312625250501002,-10.623282772455793,0.8623101970488577,-11.832105193026324,1.743104806643991,-38.68896252888851,-12.694415390075182,-0.002506069197583406,0.08405031065148907,-0.04618543273782482
0.3186372745490982,-11.392278412328684,0.8724191556933499,-11.77684415331253,1.6281776560955454,43.460175965149716,-12.64926330900588,-0.0017438790803610623,0.08385192764120777,-0.04613089505689811
0.3246492985971944,-12.096281265617462,0.8819369760953042,-11.499644126670598,1.5374742040377045,32.62285459004512,-12.381581102765901,-0.0017974572348244823,0.08361571348148901,-0.046065872964352314
0.3306613226452906,-12.731275006040201,0.8908433353730706,-11.548828755164257,1.4162293515838236,-58.556926627559676,-12.439672090537327,-0.0026292169611950617,0.08347465118062186,-0.046026999284251635
0.3366733466933868,-13.293637003324026,0.8988276911485396,-12.24979871445475,1.2274484263322507,-172.26942436616113,-13.14862640560329,-0.003762072665208905,0.0835080304309354,-0.046036200839175256
0.342685370741483,-13.78015899025937,0.9054671501283662,-13.522196233854281,0.972622178410225,-238.03355948195474,-14.427663383982647,-0.004546103761378582,0.08369725353978577,-0.04608832866385072
0.3486973947895792,-14.188065365818861,0.9104684161895518,-14.924586821760682,0.6913917315243552,-212.1438709641656,-15.835055237950234,-0.004514596376847362,0.08393664155489147,-0.04615419173143364
0.35470941883767537,-14.515029029921772,0.9138418515730675,-15.900853426872724,0.44028069673875947,-102.0146630205322,-16.81469527844579,-0.003645198521477256,0.08409290682234505,-0.04619713449939573
0.3607214428857715,-14.759184659506927,0.9159101658168667,-16.089905918689624,0.26156584678714256,38.12292075543682,-17.005816084506492,-0.0023787715748037537,0.0840796462208443,-0.046193491945187494
0.3667334669338677,-14.919139350174296,0.917143955337925,-15.525495919099686,0.15978634486642562,137.65144973026594,-16.44263987443761,-0.001371273767033613,0.08390531242220328,-0.04614557746166137
0.3727454909819639,-14.99398056268481,0.9179166898405147,-14.614998071355922,0.0998712349136332,149.01996933713008,-15.532914761196437,-0.0011189745450480583,0.08366811753102188,-0.04608030601809368
0.3787575150300601,-14.983281328983757,0.9183196793903916,-13.90993406702201,0.02784175502038693,74.1562362261295,-14.828253746412402,-0.0016818307056680891,0.08350092428551938,-0.046034242064098806
0.3847695390781563,-14.887102688047486,0.9181402038336849,-13.797206300598706,-0.09844289442191768,-36.85347374127067,-14.715346504432391,-0.002659729968480466,0.08349693900780068,-0.04603314350483241
0.3907815631262525,-14.705993337656903,0.9170108293193957,-14.28374872757025,-0.2857819832008433,-113.96577598396318,-15.200759556889647,-0.0034192007009374117,0.08365770172914275,-0.04607743767175874
0.3967935871743487,-14.440986504084428,0.9146452668552487,-14.99446168662619,-0.5016201034862211,-106.4160901147686,-15.909106953481439,-0.0034413713418332582,0.0838925842132876,-0.04614207724927867
0.4028056112224449,-14.093594047552775,0.9110317802552632,-15.383762307876754,-0.6915734573818753,-11.03695447517238,-16.29479408813202,-0.0026107364881219706,0.08406988702082403,-0.04619081100735013
0.4088176352705411,-13.665797837093859,0.9064766108367942,-15.041777638088305,-0.8094667445432313,126.11850835304523,-15.9482542489251,-0.0012861047373261237,0.08409053772584753,-0.04619648375342606
0.41482965931863724,-13.160038444014097,0.901470233599716,-13.9237750723745,-0.8432253093534096,235.64985914270713,-14.825245305974216,-0.00010068679653574817,0.08394319179563783,-0.046155992584814225
0.42084168336673344,-12.579201218469759,0.8964508436510605,-12.375031959399573,-0.8213392917165449,263.6141338527195,-13.271482803050633,0.00039951085713801806,0.08371020420433056,-0.046091894201377735
0.42685370741482964,-11.926599828585305,0.8916006678458592,-10.938084979000767,-0.7961167344377477,201.5405391082519,-11.829685646846626,6.23771827093387e-05,0.08352135283721399,-0.04603987287232437
0.43286573146292584,-11.205957356023788,0.8867896865348217,-10.050853320660696,-0.8139840468409953,90.93923265632888,-10.937643007195518,-0.0007944802848324639,0.08348123580052705,-0.04602881459174283
0.43887775551102204,-10.421385055858812,0.88169432194979,-9.804616909297122,-0.8897983787493985,-0.11159528188304968,-10.686311231246913,-0.0015668876048887572,0.08361086641537481,-0.04606453776335647
0.44488977955911824,-9.577358901922725,0.876022439262959,-9.896712173837445,-0.9987445878888793,-15.11871284591183,-10.772734613100404,-0.0016971297224503403,0.08383623048951297,-0.04612657698353827
0.45090180360721444,-8.678694051439466,0.8697211422391421,-9.803594970696214,-1.0899165013065244,59.29227970835541,-10.673316112935355,-0.000982876250488295,0.08403011407573525,-0.046179883420839854
0.45691382765531063,-7.730517374620955,0.8630525304377749,-9.07675973960126,-1.1146410614181503,186.04872074933468,-9.939812270039035,0.0003040907577018596,0.08408338139873368,-0.046194517990141855
0.46292585170340683,-6.738238205945353,0.8564925110996878,-7.595741738235445,-1.0540594476510101,298.50879299468755,-8.452234249335133,0.001567189169917414,0.08396575960388178,-0.04616219659949892
0.468937875751503,-5.707517483980628,0.8505079946704096,-5.637075739119097,-0.9298449611395473,337.76862428511083,-6.487583733789506,0.0022251823392083476,0.08374239790157129,-0.04610075647725123
0.4749498997995992,-4.644235455810462,0.8453399668920871,-3.721452940205786,-0.7916756674490365,285.4962140704613,-4.566792907097873,0.002040610591985339,0.08353718147061723,-0.046044235312112394
0.48096192384769537,-3.5544581303080927,0.8409153134398925,-2.3252911335750595,-0.6892250750246008,173.98534333952497,-3.166206447014952,0.001244730951823443,0.08346339962425857,-0.04602389718785681
0.48697394789579157,-2.444402671641848,0.8369334032495329,-1.6182818274651944,-0.6449024315127714,67.90709336696233,-2.4552152307147272,0.0004008517835829157,0.08356045737251334,-0.04605064950063496
0.49298597194388777,-1.3204019304417878,0.8330759269952247,-1.3733322827619312,-0.6419583839207121,28.06102147599685,-2.206408209757156,9.260536554032578e-05,0.08377209750753917,-0.046108930669548784
0.49899799599198397,-0.1888683149768579,0.8292242830625814,-1.0984671627487832,-0.6339828113767869,77.43005278094469,-1.9276914458113645,0.0006020439446845034,0.08397829768255062,-0.04616564302605568
0.5050100200400801,0.9437427915432859,0.8255649761586611,-0.3161765625709504,-0.5709679921354591,188.49042670437507,-1.1417415387296115,0.0017478508409575415,0.08406260747768961,-0.04618881115168104
0.5110220440881763,2.0709698588378047,0.8225222376612311,1.1664033151855844,-0.427883876112543,298.78188629918293,0.34388107752435326,0.002982726123856077,0.08397708653607525,-0.046165310121251836
0.5170340681362725,3.186382072493233,0.8205536795845858,3.1473416746921474,-0.219257958357745,345.92665501016467,2.3267879951075616,0.0037046356942337776,0.08376875380462978,-0.04610801045799453
0.5230460921843687,4.283616021668318,0.8199255155763271,5.1406683306733925,0.008950580370715985,302.4618516719074,4.3207428150970655,0.003598561516151887,0.08355300923239398,-0.046048597098432335
0.5290581162324649,5.35641200226257,0.820595377535212,6.645297216343696,0.20506869445633438,191.03836398989932,5.824701838808484,0.002806845815773231,0.083449017665542,-0.046019931723299205
0.5350701402805611,6.398649728439258,0.8222657887785809,7.421371536218355,0.339921576594194,71.58701152597123,6.599105747439774,0.0018413410069183231,0.08351311550821361,-0.046037602465306415
0.5410821643286573,7.404383248769211,0.8245749057880533,7.619744978039753,0.4221915816566822,7.724268721857022,6.7951700722516994,0.0012989178272913274,0.0837075096594139,-0.04609115237020042
0.5470941883767535,8.36787486779929,0.8273187744269979,7.692883975573389,0.49308429215739846,31.23246333050879,6.865565201146391,0.0015334581837314555,0.08392183200956693,-0.04615011989383051
0.5531062124248497,9.283627879523483,0.8305834073770765,8.137821163456184,0.603010271406062,124.45861179079196,7.3072377560791075,0.002456006728116198,0.08403514530612285,-0.04618126589043191
0.5591182364729459,10.14641792601262,0.834711885738232,9.21537372266274,0.7826858758882289,230.39348973891293,8.380661836924508,0.0035798666381075353,0.08398345901493044,-0.04616706168167112
0.5651302605210421,10.951322802302183,0.8401226977219133,10.80254780427271,1.0251325058741658,284.69035489814496,9.962425106550796,0.004296400694561625,0.08379516965400496,-0.04611527979291163
0.5711422845691383,11.69375053750173,0.8470824497635475,12.460008553558296,1.2892986759442144,251.65094344302474,11.612926103794749,0.004221675055039829,0.08357487181784147,-0.04605462127129194
0.5771543086172345,12.369465591923628,0.855562855717809,13.676082683347607,1.5229339849744428,144.0730299082014,12.820519827629798,0.0034077925194654656,0.08344474723083493,-0.04601875419219421
0.5831663326653307,12.97461302077684,0.8652605825115178,14.15038329369292,1.691130682088696,15.945564550841965,13.285122711181403,0.0023053653482310284,0.08347625891263448,-0.046027442524941134
0.5891783567134269,13.5057404665722,0.875765245540693,13.958528325982588,1.7947725953018556,-67.8208862726107,13.082763080441895,0.0015117573838626212,0.08365034804192152,-0.04607541247560774
0.5951903807615231,13.959817854772895,0.8867818076224248,13.506514379273957,1.8693905083226405,-67.64320038356769,12.619732571651532,0.0014437141142050352,0.08386847305818113,-0.0461354460390189
0.6012024048096193,14.334254680326653,0.8982859790995955,13.301023930953619,1.9650090564409597,8.769893223711483,12.402737951854023,0.002104704314801103,0.08400805227583896,-0.04617382084292626
0.6072144288577154,14.62691478646029,0.9105257945398016,13.66463543621822,2.11756804622337,110.95191733935376,12.754109641678419,0.0030783634736309008,0.0839909764466168,-0.04616912786214529
0.6132264529058116,14.836128551423785,0.9238662666935319,14.555266722133572,2.3279962286896447,174.0744637418379,13.63140045544004,0.0037633422027590377,0.08382696517021451,-0.04612402803023871
0.6192384769539078,14.96070241365863,0.9385647936538349,15.590197991243407,2.5613249177186037,155.24519248484492,14.651633197589572,0.0037164773351672483,0.08360780193675171,-0.04606369358429933
0.625250501002004,14.999925681049591,0.9546059378030665,16.260460976888805,2.766226999738758,57.41191667087433,15.305855039085738,0.002899759625501363,0.08345584522480563,-0.046021814294199305
0.6312625250501002,14.95357458541313,0.9716876537833051,16.215126316888412,2.9032519044691805,-72.42151643483133,15.243438663105106,0.001693716886393905,0.08345560043615174,-0.04602174679966851
0.6372745490981964,14.821913559091717,0.9893632393357096,15.456491713787788,2.965942695577894,-169.567128616411,14.467128474452078,0.0006833292785027059,0.08360657816343706,-0.046063356464294034
0.6432865731462926,14.605693726371069,1.0072591099673793,14.337555215025715,2.983827107703993,-187.79689732131405,13.330296105058336,0.00033780670768314235,0.0838239025039511,-0.04612318543862995
0.6492985971943888,14.306148618326766,1.0252496529741535,13.3639408308752,3.005775386759067,-125.04040264640315,12.338691177901046,0.0007508584177664142,0.08398614578555437,-0.04616780015633343
0.655310621242485,13.92498713554698,1.043492427308969,12.91163373206307,3.0723650520237005,-24.321626324986838,11.8681413047541,0.001584212389251149,0.08400326843541647,-0.04617250613957738
0.6613226452905812,13.464383798878883,1.0623020299715216,13.018509998215807,3.1925787906915293,50.49159870409115,11.956207968244286,0.0022571832023539577,0.08386668472339928,-0.046134954161322544
0.6673346693386774,12.926966343818087,1.081933217602102,13.365761770724626,3.3385222342044356,50.47537573635725,12.283828553122525,0.0022782645961945415,0.0836537169123595,-0.04607634026931002
0.6733466933867736,12.315800729314962,1.102397548278916,13.458791073770337,3.461221798734871,-31.0533209049483,12.356393525491422,0.0015214468120299523,0.08348415302903979,-0.0460296188167642
0.6793587174348698,11.634373646522343,1.1234167447706034,12.905792391808948,3.5179245954773037,-154.93400746233368,11.782375647038345,0.00028976390764600253,0.0834532241534746,-0.04602109159224321
0.685370741482966,10.88657262727203,1.144535841388499,11.638045548559944,3.4953894928220453,-258.1705421743359,10.493509707171444,-0.0008570184267958319,0.08357843189410669,-0.04605560216551597
0.6913827655310621,10.076663865760864,1.1653315863747764,9.949191174412688,3.4168687266780573,-289.1633527937073,8.783859588037911,-0.001409103150313186,0.0837900417225098,-0.046113868735361455
0.6973947895791583,9.209267879973423,1.185602342440047,8.332208070197277,3.329234205338853,-236.44627839806796,7.14660572775723,-0.0011873083930725016,0.08397046634356047,-0.04616349040306039
0.7034068136272545,8.28933315169253,1.2054351088684496,7.205915064509678,3.276866508005619,-134.89889094370523,6.000479955641228,-0.0004464770062857226,0.08402013066669405,-0.046177140080758225
0.7094188376753507,7.322107895480928,1.2251105869800065,6.684158214477225,3.2765875872984696,-46.05410206253436,5.459047627497219,0.00026590912750924973,0.08391291659999454,-0.04614766845694641
0.7154308617234468,6.3131101176917666,1.2448987161125316,6.516391676938517,3.3082213506343385,-23.604542180853013,5.271492960825986,0.00042211240275788074,0.08371041791373586,-0.04609195303688713
0.721442885771543,5.2680961363205885,1.264861713864232,6.232115657726799,3.3263612377334053,-83.43220101510119,4.967253943862566,-0.0001873866321938009,0.0835272514612877,-0.04604149860693316
0.7274549098196392,4.193027741293054,1.2847762364780435,5.407672645470315,3.2861255376090477,-194.8712175773921,4.122896408992272,-0.0013424087849707822,0.08346689693807552,-0.04602486143282019
0.7334669338677354,3.094038182537971,1.3042157108023946,3.905943323248563,3.1680702584412157,-297.9969406971262,2.601727612446169,-0.0025205970333653767,0.08356388041641596,-0.04605159272058383
0.7394789579158316,1.9773971798835543,1.3227448573032765,1.9552047656427278,2.9889077472613215,-337.1865462059093,0.6324599083394513,-0.0031846188923289314,0.0837646980020797,-0.04610689424674932
0.7454909819639278,0.8494751543948357,1.3401197981432524,0.023712015207444093,2.7925539114216864,-292.15384889707957,-1.3164077829358083,-0.0030771442922108844,0.0839581203860553,-0.046160096629832226
0.751503006012024,-0.2832931147880631,1.3563841594647217,-1.4391829570716723,2.626064335559399,-189.12997753053037,-2.795567116536394,-0.002366967579993658,0.08403757192355556,-0.04618193265583988
0.7575150300601202,-1.4144452007735566,1.371806296841441,-2.2502904326790714,2.5134514350488026,-86.02494927986231,-3.6220967295205124,-0.0015570993730237913,0.08396054693137059,-0.04616076368119311
0.7635270541082164,-2.5375278969722523,1.3866914828590329,-2.5902056419283164,2.442457980050816,-39.961754867596525,-3.9768971247873495,-0.001198455242576928,0.08377203669785617,-0.04610891393444217
0.7695390781563126,-3.6461340325489138,1.4011762272351782,-2.89740530694661,2.3721348285804615,-75.38638424676657,-4.298581534181788,-0.0015770601540552266,0.08357909266265993,-0.04605578422225461
0.7755511022044088,-4.733939025241103,1.4151218383381117,-3.6188104171039908,2.256497936446419,-170.55589859505267,-5.033932255442102,-0.002558382130487288,0.08349086266542612,-0.046031468483969794
0.781563126252505,-5.794736963011184,1.428164884309188,-4.956676604878045,2.070461584653289,-269.8713024121939,-6.384841489187234,-0.003668356075795832,0.08355758240800375,-0.04604985728906791
0.7875751503006012,-6.822476008686376,1.4398938098101741,-6.75315904044745,1.823941414073234,-315.06834390664966,-8.193052850257624,-0.004355663274239414,0.08374266867601599,-0.046100831008772644
0.7935871743486974,-7.811292925603905,1.4500542289876488,-8.576503325824152,1.556860800104351,-277.78101152513625,-10.0265575548118,-0.004294264347751626,0.08394354650655717,-0.04615609010324852
0.7995991983967936,-8.755546527292903,1.4586705919303307,-9.95996188933869,1.317580522699945,-175.28366229968304,-11.41863248126902,-0.0035669623434420802,0.08404925005667833,-0.046185141339824966
0.8056112224448898,-9.649849860363128,1.4660155269000454,-10.659435135239907,1.136260183687722,-60.68391604626906,-12.125450662139952,-0.0026226839057525366,0.0840023615650758,-0.04617225690767151
0.811623246492986,-10.48910093699757,1.4724422739202816,-10.78587482808302,1.0083250943510695,6.853716845875391,-12.258317102003302,-0.0020220119407801914,0.08383079539229354,-0.04612508176785271
0.8176352705410822,-11.268511841720501,1.4781753645214235,-10.739057496220967,0.897833369270262,-4.859960287170783,-12.21723286074239,-0.0021182238460750783,0.08363188926734068,-0.04607032856025933
0.8236472945891784,-11.983636046387282,1.4831790201849178,-10.980531500891132,0.7585533923857928,-83.20497340944296,-12.46371052107605,-0.002862505280259862,0.08351783952533243,-0.04603890453232536
0.8296593186372745,-12.630393777564274,1.4871756952739206,-11.773173189790352,0.5602992521561131,-178.0098220753111,-13.260348885064273,-0.003838086759314851,0.08355296871199147,-0.046048585932419686
0.8356713426853707,-13.205095291578417,1.489801446271829,-13.032908474441621,0.3059829693208458,-229.74912073811367,-14.52270992071345,-0.004492924794812973,0.08371790380591261,-0.046094013901506595
0.8416833667334669,-13.704461924452389,1.4908115005568543,-14.374975983037913,0.030513188760690077,-202.8583190149968,-15.865787483594767,-0.004443070972159495,0.08392075448993425,-0.046149823619198116
0.8476953907815631,-14.12564479663612,1.4902234514319124,-15.32814965235962,-0.21792454910554246,-105.53896939792588,-16.818373103791533,-0.0036876611735496994,0.08404879027736645,-0.04618501501507174
0.8537074148296593,-14.466241065824153,1.4883178305922433,-15.596640545204854,-0.404319706400727,14.955262587232863,-17.084958375797097,-0.002613721091654157,0.08403143737190574,-0.046180247037044424
0.8597194388777555,-14.72430763513687,1.4854937176403653,-15.223223400692106,-0.5261231215721188,98.82206834807474,-16.708717118332473,-0.0017781149218981482,0.08387945193422755,-0.04613846564072122
0.8657314629258517,-14.898372238460617,1.4820607926066354,-14.562903227783812,-0.6139872498736628,107.11032859933893,-16.04496402039045,-0.0015904542614774114,0.08367859370934465,-0.046083190811052624
0.8717434869739479,-14.98744183970496,1.4780866407443174,-14.082616413978766,-0.713662539808401,43.34026642688289,-15.560703054723083,-0.0020852382776195624,0.08354150555330349,-0.04604542697611647
0.8777555110220441,-14.991008298059496,1.4733842447303374,-14.099503151910229,-0.8598694377119541,-48.676383512103854,-15.572887396640565,-0.0029099003078295895,0.08354471307109144,-0.046046310908644986
0.8837675350701403,-14.90905126692995,1.4676435342457863,-14.604134480189481,-1.0567852715171433,-109.50449582211498,-16.071778014435267,-0.003524003403692275,0.08368594928851708,-0.0460852161863294
0.8897795591182365,-14.742038310015214,1.4606326508548861,-15.267058071361731,-1.275404523629616,-97.38068681399272,-16.727690722216618,-0.0034970147537561735,0.08388573510640136,-0.0461401936592535
0.8957915831663327,-14.490922233863083,1.4523584551900963,-15.624298422690568,-1.4691379737406665,-11.511594520406415,-17.076656877880666,-0.002748386099050463,0.08403215375377852,-0.04618044388373885
0.9018036072144289,-14.15713565212242,1.4430968168591476,-15.337522804631051,-1.5994822054523006,107.60159035750351,-16.7806196214902,-0.0015971414484406365,0.08404346745166144,-0.04618355253907053
0.9078156312625251,-13.742582812502647,1.4332736694807975,-14.383256164015709,-1.657465915849088,200.9026032074391,-15.816529833496507,-0.000583608296548737,0.083913572160126,-0.046147848718303894
0.9138276553106213,-13.249628733067581,1.4232632410561696,-13.065786566258511,-1.6682987461498917,223.78788179761867,-14.48904980731468,-0.00016184648299501117,0.08371509785121228,-0.0460932414335347
0.9198396793587175,-12.681085709840993,1.4132187045504465,-11.847263646431962,-1.6765501460590644,170.9096213647312,-13.260482350982409,-0.0004453430373408334,0.08355860296492118,-0.04605013851044572
0.9258517034068137,-12.04019727269766,1.4030301935396539,-11.090581646079329,-1.7208116515263066,78.96468420109443,-12.493611839618982,-0.0011507067588924214,0.08353071998383843,-0.046042454548350834
0.9318637274549099,-11.330619681071559,1.3924306630118315,-10.858955868823564,-1.8122364599319185,5.9972840310674105,-12.251386531835395,-0.0017602224659198,0.08364580337305472,-0.046074160835048616
0.937875751503006,-10.556401065047677,1.3811887298125487,-10.88385500903051,-1.928369394757716,-1.1328413110438027,-12.265043738843058,-0.0018080243181947653,0.08383818040000358,-0.04612711339943419
0.9438877755511021,-9.721958330837346,1.369282288186607,-10.718518698730152,-2.0254307887498486,67.09090765030237,-12.08780098691676,-0.0011388989457646536,0.08399922687240785,-0.04617139540102582
0.9498997995991983,-8.832051962391041,1.3569566172578937,-9.99060822686378,-2.0626633828917798,177.64281829661545,-11.347564844121672,7.497912360509202e-07,0.08403821362680784,-0.04618210897602103
0.9559118236472945,-7.891758862905025,1.3446325956449814,-8.612474965014426,-2.0253423766429344,273.5375741990204,-9.957107560659407,0.0010990861546273044,0.08393283744880628,-0.04615314583879524
0.9619238476953907,-6.906443391160703,1.3327155854439554,-6.831785986146315,-1.9330639451569998,305.7192825399995,-8.16450157159027,0.0016698615398261527,0.08374138303887188,-0.04610047713201462
0.9679358717434869,-5.881726757933975,1.3214140059718018,-5.094883396850168,-1.8284395990533213,260.39278634976824,-6.41629740282197,0.001526230958217295,0.08356991507966793,-0.046053255525349224
0.9739478957915831,-4.8234549570674625,1.3106699474490835,-3.799904321929226,-1.7530974582663987,166.56346205523283,-5.11057426937831,0.0008789652335655284,0.08351291591949346,-0.04603754745244054
0.9799599198396793,-3.7376654141588044,1.300238024845699,-3.0779233013363565,-1.7247958586796293,79.65124711614158,-4.378161326182056,0.00021308849279405738,0.08360051920301591,-0.046061687330617516
0.9859719438877755,-2.630552543133236,1.2898660840361091,-2.7242032231113917,-1.7279709941238075,50.426452667763,-4.014069307147501,1.886899175360894e-05,0.08378189996116213,-0.0461116282708192
0.9919839679358717,-1.5084324072001372,1.279477858746424,-2.3172971960998674,-1.7225709096057151,96.66472411561749,-3.596775054846291,0.0005204732650439607,0.0839540532997214,-0.04615897857614695
0.9979959919839679,-0.3777066858020947,1.2692567342604075,-1.4587681031794377,-1.6665990605208814,193.342040110253,-2.728024837439845,0.0015474451621413786,0.08401956349898165,-0.0461769842239005
1.0040080160320641,0.7551738468754162,1.2595823401183337,0.0008494991932818108,-1.5401029364676737,286.7736745234661,-1.258732840925052,0.002627403677410606,0.08394092642084787,-0.04615536977476123
1.0100200400801602,1.8837461234791668,1.2508541954977583,1.8759952062810967,-1.3567870973175336,324.70434199036464,0.6251410107833384,0.003254149190173018,0.08376122149660487,-0.046105937444317735
1.0160320641282565,3.0015716551956575,1.2433027746031327,3.747436402612792,-1.1563878804859866,285.478053372497,2.5041336280096593,0.00317398136898041,0.0835797822719975,-0.04605597422451668
1.0220440881763526,4.102273263238351,1.2368951259679037,5.193687575230042,-0.9825250805787137,190.01046124820715,3.9567924492621382,0.0025227423112263755,0.08349657346780602,-0.0460330427408185
1.028056112224449,5.179571460562232,1.231385819809558,6.022798142859,-0.8589171283450486,89.94912808141459,4.7914123230494425,0.0017436625283199796,0.08355633838280566,-0.04604951448716763
1.034068136272545,6.227320276247951,1.226482137866793,6.375119664616687,-0.776920012843051,38.72482173120521,5.148637526749894,0.0013406975993746095,0.0837237748995281,-0.04609563014793623
1.0400801603206413,7.23954231817904,1.222031774457327,6.64018876064599,-0.7008279245826396,61.72429888241378,5.418156986188663,0.0016005801883925315,0.083903626852767,-0.04614511395128649
1.0460921843687374,8.21046287397866,1.218129857821703,7.23489616558777,-0.5881865895424556,142.24180179664478,6.016766307766067,0.002430836877974998,0.0839941743274124,-0.04617000677776376
1.0521042084168337,9.134542855662101,1.2150846534302149,8.367368424925546,-0.41419425961998957,230.9960624737234,7.152283771495331,0.003408402011994132,0.08394401921435515,-0.04615622006149968
1.0581162324649298,10.006510400054726,1.21325965641042,9.91850718226262,-0.1862827147017087,273.8035659226337,8.705247525852199,0.0040191574003524315,0.0837805404747425,-0.04611125415429311
1.0641282565130261,10.821390944696867,1.2128816583326014,11.506859508036815,0.05972722238601758,241.87628976913075,10.293977849704213,0.003949742613219822,0.08359432475359756,-0.046059980809649764
1.0701402805611222,11.5745356076517,1.2139240274944079,12.699883167407078,0.27945367886060335,147.8221763679796,11.485959139912671,0.003259785589728231,0.08348840175506764,-0.04603079008546763
1.0761523046092185,12.261647709310989,1.2161292562786667,13.253055046410815,0.4441068979793028,38.47155889541101,12.036925790132148,0.002342291540978406,0.08352065630599037,-0.04603968089581323
1.0821643286573146,12.878807284890964,1.2191554734032188,13.243264239974838,0.5556464645159469,-31.370647682761884,12.024108766571619,0.00170412553351034,0.08367161467213474,-0.04608126903515166
1.088176352705411,13.42249344777601,1.2227652014239359,13.022421253759346,0.6450499360137611,-29.52248839332575,11.79965605233541,0.0016872720867628858,0.08385566012551808,-0.046131921753187755
1.094188376753507,13.889604476126575,1.2269528896718767,13.017904397306804,0.75460221773823,35.731661277732925,11.790951507634928,0.0022777415875698047,0.08396917638301056,-0.04616313581821193
1.100200400801603,14.277475508158432,1.2319398882975654,13.491885293820912,0.9136312731649558,120.46796258355363,12.259945405523347,0.00311033555638554,0.08394845155976367,-0.04615743859744499
1.1062124248496994,14.583893745141202,1.2380381865941608,14.394117363515964,1.1213593983077101,169.83442940561582,13.156079176921804,0.0036747821619811665,0.08380503949884305,-0.046117995565529354
1.1122244488977955,14.807111075383688,1.245459880006455,15.390011099083338,1.3469455315472316,148.76395871801097,14.144551219076883,0.003606038734115358,0.08361902103304385,-0.04606678405950819
1.1182364729458918,14.94585404718632,1.254181098734968,16.047602790625373,1.5465677319980387,61.51703893427514,14.793421691890405,0.002887393011575771,0.08349408476847178,-0.04603235670514219
1.1242484969939879,14.999331133864956,1.2639360597377958,16.07844488193852,1.6874143012101945,-50.808794224696996,14.814508822200724,0.0018539436151321594,0.08349953563181135,-0.04603385927859514
1.1302605210420842,14.967237249399417,1.2743420598902504,15.497620223273834,1.7651766637014727,-133.32672961578263,14.223278163383585,0.0010044875033153446,0.08363166568097498,-0.046070266976667815
1.1362725450901803,14.849755488944883,1.2850852066594638,14.613967595735303,1.8058590792589428,-148.01628583226733,13.32888238907584,0.0007277114965366468,0.08381611524747457,-0.04612104296252233
1.1422845691382766,14.647556084276621,1.296065277973858,13.856573165938789,1.8509852241925884,-94.84277778555469,12.560507887964931,0.0010867077957297318,0.08394974948184977,-0.046157795414791356
1.1482965931863727,14.361792580127265,1.3074194310355167,13.535054059136714,1.9339989149903198,-11.581709508337255,12.227634628101198,0.001781054801077663,0.08395835513974244,-0.046160161163466724
1.154308617234469,13.994095253230425,1.3194101519126773,13.667806059676487,2.060999425374814,47.472484959491595,12.348395907763809,0.002315671863010997,0.08383790003423862,-0.04612703627184039
1.160320641282565,13.546561811615167,1.3322403879179117,13.973806576057799,2.2070528245141285,41.932289940407294,12.641566188139887,0.0022828079661338357,0.08365649788150521,-0.046077106139736604
1.1663326653306614,13.02174542721137,1.3459014609889923,14.031888030756143,2.3301781677526052,-32.146308005831315,12.68598656976715,0.0015908230339257423,0.08351614470072811,-0.04603843739701356
1.1723446893787575,12.422640170040273,1.3601391550072481,13.517890806563202,2.39463572678645,-140.16525987952454,12.157751651555953,0.0005103011061537157,0.08349564961937068,-0.046032788073648453
1.1783567134268538,11.752663927087323,1.374554705361569,12.3869365199791,2.3903506448186826,-228.41420347869064,11.01238181461753,-0.00047902062959461194,0.08360665173589683,-0.04606337673180031
1.1843687374749499,11.01563890330568,1.3887834453062968,10.899295858688578,2.3381517068600313,-254.09807179954052,9.510512413382282,-0.0009516591677044948,0.0837873625601042,-0.04611313149064502
1.1903807615230462,10.215769815990981,1.4026533101395298,9.475985712367738,2.2781351533120375,-209.15438688039305,8.073332402228209,-0.0007710396984643437,0.0839374268232103,-0.04615440762844303
1.1963927855711423,9.357619906929141,1.4162359234150497,8.465368201315728,2.24723407408714,-124.58562190398209,7.049132277900679,-0.0001679000313845497,0.08397412266321812,-0.04616449543880349
1.2024048096192386,8.446084909166464,1.4297605840398975,7.951465862763664,2.258337115122332,-52.95613952481607,6.521705278723767,0.0003885380506105199,0.0838784177192828,-0.04613818120134615
1.2084168336673347,7.486365116922444,1.443439068415956,7.710838310691079,2.29304878359439,-38.92600339881928,6.267399242275123,0.00045778644074748605,0.08370531610159415,-0.046090548456223776
1.2144288577154307,6.483935717984794,1.4573012589677539,7.341472787305125,2.3123172922664956,-94.31966960245433,5.884171528337371,-0.00012334425015299568,0.08355289250393257,-0.046048564932123684
1.220440881763527,5.4445155578409725,1.4711345109306966,6.491022481191836,2.2785045684749945,-191.631009800732,5.01988797026114,-0.0011537396193494205,0.08350738779210512,-0.04603602370227583
1.2264529058116231,4.374034513746039,1.4845587962905054,5.05653528992935,2.1762733567383257,-279.5158273782075,3.5719764936388447,-0.0021833241652710993,0.08359503934405328,-0.04606017767679616
1.2324649298597194,3.2785996648567637,1.497194335488624,3.2442671597325994,2.021056521276325,-311.53756283626313,1.7470728242439755,-0.002760823612137334,0.08376762047838797,-0.0461076985541367
1.2384769539078155,2.1644604514321553,1.5088296743719376,1.4566936781230155,1.850729097708668,-272.0639263095439,-0.05213599624892207,-0.0026820195592109726,0.08392972073338566,-0.04615228891818395
1.2444889779559118,1.0379730218651073,1.5194979501304446,0.07046238953809995,1.7048044918935248,-184.86426156551096,-1.4490355605923446,-0.0021053266748705408,0.08399223546525604,-0.04616947389678594
1.250501002004008,-0.09443602905351751,1.529417910204118,-0.7702781678297876,1.6024781738274732,-99.66940605596201,-2.2996960780339055,-0.0014644382360475472,0.08392203689426102,-0.046150176228679264
1.2565130260521042,-1.226306323767336,1.5388319970578301,-1.229853709066258,1.5321243328450007,-64.2926087520985,-2.768685706124088,-0.0012217622766718457,0.08376020957646287,-0.04610565894033436
1.2625250501002003,-2.351180558316252,1.5478337529282515,-1.684468208535518,1.4584133037209728,-97.93888428462346,-3.2323019614637696,-0.001606546209777808,0.08359884090501313,-0.04606122497926748
1.2685370741482966,-3.4626413411642862,1.556282502962862,-2.507695843623266,1.3426874223666319,-180.59822710462004,-4.063978346586127,-0.0024899794999798147,0.08352943652878551,-0.046042100824308076
1.2745490981963927,-4.55434780432672,1.5638515905684685,-3.8583112144633103,1.1648057991501084,-264.3793805920652,-5.422162805031778,-0.003461223699593277,0.0835917801550187,-0.04605927977489658
1.280561122244489,-5.6200717779324325,1.570181447692674,-5.588948160253856,0.9345550448882758,-300.3701070090598,-7.15912960794653,-0.004054769042233808,0.08375186314574509,-0.04610336174410645
1.2865731462925851,-6.653733321844023,1.5750529682595862,-7.326124379277472,0.6866851479113651,-265.96746682114036,-8.901177347537057,-0.004006469624209718,0.08392120626081281,-0.04614994783828093
1.2925851703406814,-7.649435411630467,1.5784860704449726,-8.676307509783971,0.4621296500154558,-177.4116987808814,-10.254793580228943,-0.00340205337586182,0.08400652195451676,-0.04617340028142978
1.2985971943887775,-8.601497581007349,1.5807078716820673,-9.442466567917952,0.2855298765078122,-80.58059134951738,-11.02317443960002,-0.002631340147725123,0.0839617801075447,-0.04616110267460735
1.3046092184368738,-9.50448832881673,1.5820071869920598,-9.730135130182155,0.15185351543002323,-25.272042408699637,-11.312142317174215,-0.0021673562005510875,0.0838136741267158,-0.04612037132643637
1.31062124248497,-10.35325610566378,1.5825579453389862,-9.884237100574655,0.029964701949082212,-37.40763604504866,-11.466795045913642,-0.0022979352816266977,0.0836464401518353,-0.04607433621140303
1.3166332665330662,-11.142958703433264,1.5823119683424107,-10.292658653463382,-0.1191089739034184,-104.68208915709124,-11.874970621805794,-0.0029670778936356137,0.0835546351489711,-0.046049045142218095
1.3226452905811623,-11.869090880017769,1.5810200968863461,-11.166787944385774,-0.3199001608840428,-183.61617571833966,-12.74780804127212,-0.0038112035681307182,0.08359027132274174,-0.04605886408784307
1.3286573146292584,-12.527510061660225,1.5783677282091173,-12.421663864677432,-0.5685094485095321,-223.99052603885215,-14.00003159288655,-0.00436196350278539,0.08373387472192817,-0.04609841038353211
1.3346693386773547,-13.114459976278233,1.574149248455822,-13.72228088749935,-0.834243840859078,-196.9499538935808,-15.296430135955172,-0.004304259162812812,0.08390566487797237,-0.04614567438197216
1.3406813627254508,-13.62659208294291,1.568385559475734,-14.669554118270316,-1.0760488848101137,-111.0708532283839,-16.23793967774605,-0.0036527335193691605,0.08401039427706355,-0.04617446446212915
1.346693386773547,-14.060984675257513,1.5613187900760617,-15.021585968687265,-1.2649582196292757,-7.460604837942924,-16.582904758763327,-0.0027464382355182385,0.08399057258599482,-0.046169016862631425
1.3527054108216432,-14.415159549650758,1.5532857933205786,-14.826459159354231,-1.3998968830747847,63.288761593657625,-16.37974495267481,-0.0020576872145562112,0.08385836261444199,-0.04613266511388002
1.3587174348697395,-14.687096143493168,1.5445418143908662,-14.392851226673748,-1.5075917064744973,69.34613139453637,-15.937393041064615,-0.0019239133416022608,0.08368851857096778,-0.046085923623058
1.3647294589178356,-14.87524306237806,1.5351347175019046,-14.115506295983703,-1.6267563392442093,15.296148137343408,-15.650641013485608,-0.002360240322119617,0.08357644206032872,-0.04605505391678575
1.370741482965932,-14.978526930804698,1.5248996108879351,-14.253599508316174,-1.7859009339884993,-60.61011060349284,-15.77849911920411,-0.003056545509354452,0.08358482369439664,-0.04605736322142808
1.376753507014028,-14.996358515770217,1.5135745398013176,-14.785967303636102,-1.9871708324623747,-107.99173545188273,-16.29954184343742,-0.003552299925517107,0.08370870629307607,-0.04609148181511861
1.3827655310621243,-14.928636088335583,1.5009720304568586,-15.42370202343177,-2.20477262213967,-92.56364903289519,-16.92467405388863,-0.003490970597643665,0.08387852528555449,-0.04613821078530039
1.3887775551102204,-14.775746003987729,1.4871120254351515,-15.772487801108982,-2.3988108342024432,-15.264771688579964,-17.259599826544132,-0.0028191403768246573,0.08399927053632757,-0.046171407401278175
1.3947895791583167,-14.53856049848697,1.472241981165,-15.55343442703966,-2.5371933392906207,88.36200738277452,-17.02567640820466,-0.0018196017630655985,0.08400363437738788,-0.04617260670970896
1.4008016032064128,-14.218432711774426,1.4567314165480882,-14.758828096231543,-2.613370324740729,168.11202950550114,-16.21555951277963,-0.0009530250433514427,0.08388943596453087,-0.04614121145105835
1.406813627254509,-13.817188968327791,1.4408999268143963,-13.656104973847503,-2.6495698888863997,187.16721051512988,-15.097004900661899,-0.0005964877079400982,0.08372057673379792,-0.046094749735695544
1.4128256513026052,-13.337118358006233,1.424876568687201,-12.638439260817789,-2.683705549362823,142.55603930041792,-14.06331582950499,-0.000832807009697999,0.08359114388266564,-0.046059104480734664
1.4188376753507015,-12.780959676825095,1.4085692376686627,-12.00597333641166,-2.747770853154796,66.63522346983079,-13.414542574080324,-0.0014097971793347775,0.08357277013218742,-0.04605404219205886
1.4248496993987976,-12.151885802163713,1.3917588391851468,-11.800127104120742,-2.8499426737162095,8.840674074601901,-13.19188594330589,-0.0018843491600732468,0.0836746718681469,-0.046082110886869476
1.4308617234468937,-11.453485591544824,1.3742643704453832,-11.783268177432314,-2.969965073883838,7.976894352542322,-13.157532547877697,-0.0018679795302237953,0.08383874092565406,-0.04612726759759846
1.43687374749499,-10.68974340825343,1.3560877261240178,-11.574512400685874,-3.0702066592080226,70.5519703920463,-12.930600126809892,-0.001243174759163181,0.08397232175812301,-0.0461640004153477
1.442885771543086,-9.865016390600957,1.3374576884517455,-10.865206929599916,-3.1165548103802045,167.23604525236001,-12.202664618051662,-0.00023221871368613516,0.08400010054268194,-0.046171635513180945
1.4488977955911824,-8.984009594512791,1.3187470960326106,-9.59342128433681,-3.097588875423292,249.35034231547846,-10.91216838036942,0.0007261640668786055,0.08390604776537593,-0.04614577967031782
1.4549098196392785,-8.051749151251336,1.300309061914118,-7.980158692075253,-3.0309287160340537,276.09561661219954,-9.280467753989372,0.0012256086666580818,0.08374212136415127,-0.04610068035932828
1.4609218436873748,-7.07355359340821,1.2823253809969135,-6.407625054990957,-2.9530704558134815,237.27170836229948,-7.68995043598787,0.0011202528097300777,0.0835990296318034,-0.04606127697150891
1.4669338677354709,-6.055003512751663,1.2647523703039263,-5.208137120059863,-2.8988333988011132,158.82454069914428,-6.472889490363789,0.0006012540482587072,0.0835554619579936,-0.04604927297920011
1.4729458917835672,-5.001909723029417,1.2473923381728407,-4.481883914910597,-2.8821732051639084,88.19220705134941,-5.729276253083437,8.571363377279412e-05,0.08363415937415651,-0.046070953823290496
1.4789579158316633,-3.9202801093591297,1.230049014696015,-4.0451453241305435,-2.8887264215669886,67.71190290035501,-5.275194338826559,-1.5152548543182826e-05,0.0837894140436419,-0.04611369601343332
1.4849699398797596,-2.816285353328698,1.2126807829948851,-3.537357554192288,-2.8839599274906136,110.98308585564484,-4.750038337187173,0.0004756973193969711,0.08393292315638044,-0.04615316940330992
1.4909819639278556,-1.6962237293458304,1.1954668372381387,-2.626595912103807,-2.8326342718604054,195.37324211790096,-3.8220627493419457,0.0013996614550025083,0.08398329727749657,-0.04616701722681198
1.496993987975952,-0.5664851730715622,1.1787481381261105,-1.1983135844515909,-2.718917963470166,274.79164988157885,-2.377061722577701,0.0023494643594228707,0.0839114432704193,-0.04614726332847533
1.503006012024048,0.5664851730715401,1.1628753904190363,0.5780053576415454,-2.5555956987902553,305.5133223348183,-0.584870032777491,0.002899843571593899,0.08375658233595892,-0.04610466062547222
1.5090180360721444,1.6962237293458085,1.1480503506916866,2.34103025359839,-2.3769810781630953,270.5792579235625,1.1929799029067032,0.0028473150028172026,0.08360411538960119,-0.046062678022076836
1.5150300601202404,2.8162853533286762,1.1342501367985118,3.736489353945391,-2.2198527528298055,189.15736063348282,2.602239217146879,0.002319947971573026,0.08353780238053245,-0.04604440642914445
1.5210420841683367,3.920280109359108,1.1212751982584097,4.611361701846051,-2.1034229485988485,105.70023244942125,3.4900865035876416,0.0017010285073309447,0.08359297323442084,-0.046059608468589884
1.5270541082164328,5.001909723029396,1.1088921755205057,5.094949652081506,-2.019274902592325,65.03173576930527,3.986057476561,0.0014154620143404539,0.08373695768105936,-0.04609925901383593
1.5330661322645291,6.055003512751642,1.096992203574844,5.522050771276377,-1.9365178516497685,87.32632711691704,4.425058567701533,0.0016946821586808027,0.08388764454915466,-0.046140718787613874
1.5390781563126252,7.073553593408191,1.0856772886347177,6.241752947698019,-1.8194453860621407,156.9551122705818,5.156075659063301,0.00244585732981356,0.08395957348632857,-0.046160496084694344
1.5450901803607213,8.051749151251272,1.075225818569341,7.419100412925418,-1.6481130406267337,231.37262172796247,6.343874594356077,0.0033017539780365855,0.08391164071485915,-0.04614731762092249
1.5511022044088176,8.984009594512772,1.0659555072164828,8.940438978143478,-1.4301169814684014,265.0017233911626,7.874483470926995,0.003828435061345607,0.08376984435716894,-0.04610831058806657
1.5571142284569137,9.865016390600902,1.0580614257628642,10.474879623503625,-1.1966807036205829,234.71626957459145,9.416818197740762,0.0037707959476040464,0.0836125289579437,-0.04606499574135341
1.56312625250501,10.689743408253415,1.0515209968391515,11.656952975191135,-0.9854811969444992,152.68842761226358,10.605431978351984,0.003192594308634263,0.08352648328207468,-0.04604128689038038
1.5691382765531061,11.453485591544773,1.046117996501132,12.288002402841993,-0.820223930352827,59.48046593962431,11.241884406340862,0.0024360625612377352,0.08355843567364263,-0.04605009241231739
1.5751503006012024,12.1518858021637,1.041570144885501,12.443818823100358,-0.6982313422411494,1.315551194840239,11.402248678214857,0.0019307050557376049,0.08368907516463767,-0.04608607687640235
1.5811623246492985,12.780959676825084,1.0376890853334386,12.428802256268739,-0.592563624923778,4.279515116714661,11.3911131709353,0.001956401485116971,0.08384412673991341,-0.04612874918536514
1.5871743486973948,13.337118358006222,1.034484765820534,12.602864381264485,-0.4675410261206393,59.86946373702297,11.568379615443952,0.002486900171524972,0.08393609580871626,-0.046154041686625534
1.593186372745491,13.817188968327782,1.032155777529299,13.178236085382178,-0.29931922131153044,129.91734552182942,12.146080307852879,0.00320251259912799,0.0839131580606574,-0.04614773485219907
1.5991983967935872,14.218432711774419,1.0309700724330269,14.099786270192123,-0.08991473136827056,168.0608643280992,13.068816197759096,0.003670602428806932,0.08378791704217774,-0.04611328407250034
1.6052104208416833,14.538560498486964,1.0311034502148297,15.075349893517133,0.13350218119499652,145.7042502231851,14.044246443302303,0.00359106001418229,0.08363012320375733,-0.0460698421216544
1.6112224448897796,14.775746003987726,1.0325277034632745,15.738528553136613,0.33352737710564584,67.95441813665542,14.706000849673337,0.002963019062697041,0.08352754933043698,-0.046041580701875556
1.6172344689378757,14.92863608833558,1.0350105081505505,15.85254514077947,0.48288844441581563,-29.320674047109172,14.81753463262892,0.002080977736832169,0.0835369101981477,-0.046044160551728205
1.623246492985972,14.996358515770217,1.0382252546413977,15.441180629758302,0.57890718058747,-99.59632461090322,14.402955375116903,0.0013697386311081205,0.08365226590659487,-0.04607594066169108
1.629258517034068,14.978526930804698,1.0419092561664678,14.773979373072732,0.6444020397675979,-111.66579712814884,13.732070116906264,0.0011506128409519217,0.08380859518522861,-0.04611897390400774
1.6352705410821644,14.875243062378063,1.0459835167012435,14.21455012310458,0.7145824200670835,-66.96131451764366,13.168566606403337,0.0014631248528530275,0.0839183906604331,-0.04614917365433892
1.6412825651302605,14.687096143493173,1.0505675836272081,14.017215097363332,0.8169273304076508,1.4208305666449004,12.966647513736124,0.0020412742150744925,0.08392060213107358,-0.04614978172647575
1.6472945891783568,14.415159549650763,1.0558803239092516,14.185765344116822,0.9552805577175092,47.37345647701521,13.12988502020757,0.0024633436468358846,0.08381457618686891,-0.04612061951527735
1.653306613226453,14.060984675257522,1.0620824808815172,14.472948394762131,1.1073940515408345,37.619490628627574,13.410865913880613,0.002391584194104158,0.08366017697302254,-0.04607811933076685
1.659318637274549,13.626592082942942,1.069150709161899,14.520391811649741,1.2372857176827734,-29.71536369334816,13.451241102487842,0.0017614164835672824,0.08354416053784333,-0.04604615864191941
1.6653306613226453,13.114459976278244,1.0768536900241243,14.060271363243126,1.3150925881168858,-124.13860918220493,12.983417673219002,0.0008137597752306313,0.08353163605873042,-0.04604270701966285
1.6713426853707414,12.527510061660264,1.0848420200656754,13.065876377768364,1.3332407152751462,-199.9022453043294,11.981034357702688,-4.071516085532049e-05,0.08362974352701315,-0.04606973754410002
1.6773547094188377,11.869090880017783,1.092801158155548,11.76720348222482,1.310291634222674,-221.56692407250347,10.674402324069273,-0.00044749011601812527,0.08378388274216433,-0.0461121739060914
1.6833667334669338,11.14295870343328,1.10058351853393,10.523378534936786,1.2804746357611285,-183.7127203449647,9.422795016402855,-0.0003039522776149569,0.08390849523140198,-0.04614645268142618
1.68937875751503,10.353256105663796,1.10824682962432,9.623704225871267,1.2744509095340248,-113.8100227052227,8.515457396246946,0.00018205355347823582,0.08393496408658832,-0.04615373053487469
1.6953907815631262,9.504488328816748,1.115976637795651,9.128702110870126,1.3019415954430995,-56.71303397140086,8.012725473074475,0.0006088060517187952,0.08384981435702836,-0.04613031374465108
1.7014028056112225,8.601497581007367,1.123936326031108,8.839752175538015,1.3462386594388926,-49.51168142236777,7.715815849506907,0.0006091179018829435,0.08370199825990111,-0.04608963499776131
1.7074148296593186,7.6494354116304875,1.1321301211847812,8.413729936712611,1.3737661173569324,-100.82404793486086,7.28159981552783,5.717952493454482e-05,0.08357534460396478,-0.04605475153745079
1.7134268537074149,6.653733321844044,1.1403563400669308,7.558047587524887,1.352981019216839,-186.07027735487085,6.417691247457956,-0.0008642245720278925,0.0835416286408471,-0.04604546089707813
1.719438877755511,5.620071777932452,1.1482756468431015,6.196852227970648,1.2718605313936802,-261.30393439296006,5.048576581127547,-0.001767746629223872,0.0836204944673916,-0.046067189924597726
1.7254509018036073,4.55434780432674,1.1555553360550146,4.515695062167254,1.1445360595197034,-287.80582066129705,3.360139726112239,-0.0022749239544742304,0.08376866048442919,-0.04610798477532774
1.7314629258517034,3.462641341164282,1.1620103090975349,2.8601761116506212,1.0036114372276117,-253.66569600747698,1.6981658025530864,-0.0022246822388472735,0.08390437580860666,-0.04614531990528834
1.7374749498997997,2.351180558316248,1.1676632162524168,1.5457105072171087,0.8822112489675,-180.31312710409225,0.3780472909646919,-0.0017641485510281267,0.08395323625365661,-0.046158753964576235
1.7434869739478958,1.2263063237673315,1.1726896369503204,0.6849904587769986,0.7955907471922596,-110.40412862943703,-0.48769917817332176,-0.00126677666838496,0.08388965752022859,-0.04614127238150465
1.749498997995992,0.09443602905351292,1.1772786706772467,0.12941352913697246,0.7328384784462498,-83.90854980111861,-1.0478651415402742,-0.001120240239463248,0.08375093538782034,-0.04610310638932351
1.7555110220440882,-1.0379730218651118,1.1814882576509207,-0.44331682811522555,0.6634969121902687,-115.79748652933722,-1.6248050857661462,-0.0015073190616646732,0.08361619044441573,-0.046066004349240054
1.7615230460921842,-2.1644604514321077,1.1851771526295236,-1.3449355129306362,0.5551019997760261,-187.7823226221606,-2.53011266556016,-0.0023061839273954463,0.08356204562313335,-0.046051087145589156
1.7675350701402806,-3.278599664856768,1.1880504915878978,-2.6989873255136745,0.39156177858394314,-258.6596036574627,-3.8870378171015725,-0.0031612210837235776,0.0836198126224259,-0.04606700210733017
1.7735470941883766,-4.374034513745992,1.1897922891092811,-4.368999276891228,0.18234462012835834,-287.413366438949,-5.558791566000509,-0.003679862830398562,0.08375814346981751,-0.04610509029445673
1.779559118236473,-5.444515557840976,1.1902116722068046,-6.032172826464634,-0.0423515700220064,-256.1276421842481,-7.222384498671438,-0.0036488813241094655,0.08390081164131004,-0.04614433979319542
1.785571142284569,-6.48393571798475,1.1893224331423253,-7.356895050822967,-0.24791552460604863,-179.91117797900057,-8.546217483965293,-0.0031540381275576156,0.08396947945640748,-0.04616321912738777
1.7915831663326653,-7.486365116922448,1.1873111339003257,-8.18454459474534,-0.4142619668590341,-98.34294135330244,-9.371855728645667,-0.0025332921966838796,0.0839274132045266,-0.04615165446789822
1.7975951903807614,-8.446084909166467,1.1844109750079586,-8.61406512997404,-0.5466302731504586,-53.29096252078297,-9.798476104981999,-0.0021853797151600704,0.08379979274566805,-0.046116551896219896
1.8036072144288577,-9.357619906929145,1.180752963762824,-8.942494982484924,-0.6719523955204508,-65.54539300941238,-10.123247946247748,-0.002344070651763388,0.08365941587654861,-0.046077909732991786
1.8096192384769538,-10.215769815990983,1.1762788381882612,-9.495258767111686,-0.8230328437770964,-123.31913482649354,-10.671537605299948,-0.0029493209879540355,0.0835858870919945,-0.0460576562000543
1.8156312625250501,-11.015638903305684,1.1707636286534784,-10.44144316789391,-1.019723441610867,-188.98544658945707,-11.612206796547389,-0.0036843849011720963,0.0836211167986807,-0.046067361347886554
1.8216432865731462,-11.752663927087324,1.1639337353610355,-11.697268588268704,-1.2574794152129192,-220.22054988611552,-12.86120232362974,-0.004152381118321142,0.08374602010891001,-0.046101753491290365
1.8276553106212425,-12.422640170040275,1.1556147649919577,-12.971327936353385,-1.509354082420295,-193.68774731538025,-14.126942701345342,-0.004095377123459835,0.08389143190498179,-0.04614176035546773
1.8336673346693386,-13.021745427211371,1.14582774095016,-13.925793546662588,-1.7403883939837907,-118.03003372374306,-15.071621287612748,-0.003538815329381945,0.08397696176463063,-0.04616527582550039
1.839679358717435,-13.546561811615145,1.1347797231367847,-14.363124584565357,-1.9266357259058662,-28.95130955301046,-15.497904307702141,-0.0027791154534439113,0.08395590604944289,-0.04615948790571183
1.845691382765531,-13.994095253230427,1.12275321512344,-14.333900008708625,-2.06808954702807,30.791383043962142,-15.456653223832065,-0.002216512457408753,0.08384115335169678,-0.0461279312396088
1.8517034068136273,-14.36179258012725,1.1099567682015925,-14.105910182743255,-2.187997191522469,35.25094297290102,-15.215866950944847,-0.002128385761927982,0.08369775438534159,-0.04608846656025161
1.8577154308617234,-14.647556084276621,1.0964216028972198,-14.012338077849748,-2.3190594977159784,-10.331122879854007,-15.108759680746967,-0.0025153813198783193,0.08360642410116416,-0.04606331402368219
1.8637274549098197,-14.849755488944878,1.082001563514201,-14.26427818105314,-2.484599967721886,-72.61855597081237,-15.34627974456734,-0.003105192562848262,0.0836184004886258,-0.046066613126277994
1.8697394789579158,-14.967237249399417,1.0664746917197563,-14.832445890395652,-2.6852102389559285,-108.95002303592413,-15.898920582115409,-0.00350582665841695,0.08372690646981927,-0.04609649221104975
1.875751503006012,-14.999331133864956,1.0496892661954107,-15.463836078465238,-2.897991731246102,-91.24257350471655,-16.51352534466065,-0.0034226225406228435,0.08387116926282327,-0.04613618761448541
1.8817635270541082,-14.945854047186323,1.0316736808548654,-15.823521262498396,-3.0887909364068182,-21.661993351480803,-16.85519494335326,-0.00282299085370232,0.08397061253156493,-0.046163530587103055
1.8877755511022043,-14.807111075383693,1.0126487209891912,-15.68190535095097,-3.2308664798087476,68.66266258906596,-16.69455407194016,-0.0019569019598864434,0.08396992108374927,-0.046163340522167626
1.8937875751503006,-14.583893745141214,0.9929343411479736,-15.042676475472632,-3.3195402663256988,137.09309977441535,-16.035610816620604,-0.0012167613422974421,0.0838697919211598,-0.04613580878612971
1.8997995991983967,-14.277475508158446,0.9728031951818479,-14.140253680486058,-3.3743416615815898,153.29161784871252,-15.113056875667906,-0.0009152516648209028,0.08372632135639853,-0.04609633114142171
1.905811623246493,-13.889604476126594,0.9523640482826978,-13.308676019153436,-3.427462744147132,116.06684878099134,-14.261040067436134,-0.0011110195417357955,0.08361949573524262,-0.0460669148190673
1.911823647294589,-13.422493447776008,0.9315401121639879,-12.795661446197787,-3.505348232190367,53.87847108302343,-13.727201558361775,-0.001580234135271659,0.08360844326706929,-0.046063870254334296
1.9178356713426854,-12.87880728489099,0.9101526037730527,-12.625863175237855,-3.6137970497502816,8.785698901686661,-13.536015779010908,-0.001944082301127243,0.08369846177624944,-0.046088661323501555
1.9238476953907815,-12.261647709310987,0.8880619003710514,-12.589477745656332,-3.734585923954089,12.86692142024854,-13.477539646027383,-0.001879160850342479,0.08383827092890005,-0.04612713830357408
1.9298597194388778,-11.57453560765173,0.8652881033388561,-12.36205891624425,-3.835379487662237,70.30645720648026,-13.227347019583105,-0.0012979510425896647,0.08394891681886933,-0.04615756650414516
1.9358717434869739,-10.821390944696901,0.8420438007293283,-11.688114041112218,-3.8876346404889044,155.1309152880711,-12.530157841841547,-0.0004000880461395733,0.08396797854088041,-0.04616280655247104
1.9418837675350702,-10.006510400054763,0.8186596560826646,-10.525676651242616,-3.882556122183373,225.79850444874126,-11.34433630732528,0.00043872256696115403,0.08388432618321758,-0.04613980617822687
1.9478957915831663,-9.134542855662138,0.7954441817074782,-9.071280012517205,-3.8359023920565662,248.42358833180415,-9.866724194224684,0.0008792444395465784,0.08374412612214144,-0.04610123217335373
1.9539078156312626,-8.210462873978699,0.7725572054488733,-7.651853702442505,-3.778879459060172,215.6350991904191,-8.424410907891378,0.0008086482081341893,0.08362486962272615,-0.046068395062624785
1.9599198396793587,-7.239542318179082,0.7499679874957706,-6.544432542608122,-3.7405501281251126,150.55646248685593,-7.294400530103892,0.00039952278892131876,0.08359200331570002,-0.0460593412559021
1.965931863727455,-6.227320276247996,0.7275197155534723,-5.824604637442475,-3.7317694772007513,93.74690677114111,-6.552124352995947,1.0112642110559235e-05,0.08366240354825553,-0.04607873250014067
1.971943887775551,-5.1795714605622765,0.7050630202182504,-5.328200401091325,-3.7393576895469134,80.46206233969315,-6.0332634213095755,-1.52056325967012e-05,0.0837951344946939,-0.04611527011823919
1.9779559118236474,-4.102273263238398,0.6825843308184469,-4.747133229031715,-3.7335624589671363,120.96782325472665,-5.429717559850162,0.00046239515015858147,0.08391457983531836,-0.04614812580043455
1.9839679358717435,-3.001571655195705,0.6602577464349039,-3.8053384515273536,-3.684834073523236,194.88983969353404,-4.465596197962258,0.0012966057003896718,0.08395282631388598,-0.04615864126890805
1.9899799599198396,-1.8837461234792416,0.6383905419819258,-2.416229282830087,-3.5806723793071025,262.7000134612605,-3.0546198248120127,0.0021366573716337504,0.08388753152172511,-0.04614068770336644
1.9959919839679359,-0.7551738468754647,0.6172922612349655,-0.7337791067745453,-3.4328887707553126,287.8538103939566,-1.3510713680095108,0.0026255954979195147,0.0837542052088921,-0.04610400636397265
2.002004008016032,0.3777066858020727,0.5971415372952478,0.9308563682491238,-3.2710736287298734,257.1758764318613,0.333714830953876,0.002600944057954848,0.0836261841160514,-0.04606875713410016
2.0080160320641283,1.5084324072000888,0.5779256609497772,2.280114144187896,-3.1261968102830524,188.11803900242725,1.7021884832381189,0.0021822047831532463,0.08357356584576373,-0.04605426143655279
2.0140280561122244,2.630552543133162,0.5594853057575478,3.1925080930122847,-3.013757574180261,118.89273617599584,2.633022787254737,0.001700365586484249,0.08362406390628979,-0.04606817313012627
2.0200400801603204,3.737665414158757,0.5416379050199652,3.786166200682675,-2.925697128775692,87.05778507769567,3.2445282956627097,0.0015131781693589147,0.08374767986902117,-0.04610221033373062
2.026052104208417,4.823454957067442,0.5243109651357214,4.348348698389776,-2.8353302151276294,108.55307892382277,3.8240377332540545,0.0018066601541003888,0.08387372100311023,-0.04613688944488923
2.032064128256513,5.88172675793393,0.5076114918720172,5.170854535513221,-2.712663656228092,168.89549678313372,4.663243043641204,0.0024899193897812547,0.08393046817015559,-0.046152494422507406
2.038076152304609,6.90644339116066,0.4917921818857278,6.383607353711054,-2.5417297984887766,231.4008448508637,5.891815171825326,0.00324461742836603,0.08388520949094204,-0.04614004910525369
2.0440881763527052,7.89175886290496,0.47713262759732206,7.879399797708385,-2.3300725439569274,257.772762778743,7.402267170111063,0.0037047830559473294,0.08376233081864767,-0.04610624275363901
2.0501002004008018,8.832051962391045,0.46380274602402,9.371439411474105,-2.1048779657560313,229.51089870588703,8.907636665450084,0.00366330545027279,0.08362949766841901,-0.04606966982507595
2.056112224448898,9.72195833083733,0.45178564845339814,10.551061038784077,-1.8981115692805532,158.1837621365013,10.099275390330678,0.0031854687049919675,0.08355973935832925,-0.04605045164933306
2.062124248496994,10.556401065047643,0.44090215911156483,11.2571730170263,-1.7292614125398917,78.87417222589927,10.816270857914736,0.002568808878041301,0.08359063995782544,-0.04605896564807388
2.06813627254509,11.33061968107151,0.43092174115363685,11.562775766215667,-1.59520884883354,30.526250786339485,11.13185402506203,0.002176796599835364,0.08370346646446673,-0.04609003922177744
2.0741482965931866,12.040197272697663,0.42169791093373027,11.730621615972403,-1.4725830673401823,34.21539864421909,11.308923705038673,0.0022378396571766327,0.0838338769180722,-0.04612592951313344
2.0801603206412826,12.681085709840982,0.41325342458402337,12.063283184953614,-1.331332572993241,81.48377561025049,11.65002976036959,0.0027174752091445337,0.08390806736840524,-0.046146335027160965
2.0861723446893787,13.249628733067572,0.40576751227489694,12.731787865884522,-1.152150262613648,139.2160698007296,12.326020353609625,0.003336379397065897,0.08388400716717997,-0.046139718442217016
2.092184368737475,13.742582812502627,0.3994716561248061,13.678606677997255,-0.9379212902569399,168.26672298676993,13.279135021872449,0.0037280403054707114,0.08377475652929382,-0.04610966243872071
2.098196392785571,14.157135652122395,0.3945127907661316,14.648885776265304,-0.71255603662194,145.38024810675515,14.254372985499172,0.0036462056291280028,0.08364096726352774,-0.04607282889190303
2.1042084168336674,14.490922233863085,0.39086152793466333,15.331958370062983,-0.5079766517853326,76.15248815786633,14.941096842128319,0.0031015166134936317,0.08355686585586998,-0.04604965983724312
2.1102204408817635,14.74203831001521,0.3883162822610344,15.533719399492332,-0.34683874727061914,-8.166320286747744,15.145403117231298,0.0023522765488118904,0.08356875020053878,-0.04605293455659459
2.1162324649298596,14.909051266929945,0.3865995982383756,15.28346874600576,-0.23060647762814962,-68.17870442498351,14.896869147767385,0.0017598104454848158,0.08366921659650384,-0.04608060867284987
2.1222444889779557,14.991008298059493,0.38549274184359766,14.815873036769359,-0.13932958768889525,-78.32588655409037,14.430380294925762,0.0015891847440924459,0.0838015151037815,-0.04611702581630127
2.1282565130260522,14.98744183970496,0.38493450525075884,14.438588175826748,-0.04321675533571057,-41.06031013449519,14.05365367057599,0.0018620091735935677,0.08389147183530357,-0.046141771336655424
2.1342685370741483,14.89837223846062,0.3850293434929474,14.359914297982192,0.08023039943200509,14.679941670782723,13.974884954489244,0.0023434169863341524,0.08388896962915739,-0.04614108320303325
2.1402805611222444,14.72430763513688,0.3859597523467408,14.572898307111126,0.2331087379192002,49.78173976296714,14.186938554764385,0.0026745201854295754,0.08379580379246908,-0.04611545428636689
2.1462925851703405,14.466241065824173,0.38785230293823614,14.86035910692975,0.3955981354212935,36.88169422456601,14.472506803991513,0.002575990206309461,0.08366447350704109,-0.046079302532097396
2.152304609218437,14.12564479663612,0.3906734754938374,14.91754708234984,0.5368582492222668,-24.35781242126585,14.526873606856002,0.002004350176880775,0.08356869693758388,-0.04605291988055982
2.158316633266533,13.704461924452396,0.39421359176173654,14.523472259199046,0.6319423517993518,-107.12395448051315,14.129258667437309,0.0011735074299255865,0.08356216953650479,-0.046051121289938476
2.164328657314629,13.205095291578438,0.398166607285969,13.665047125995025,0.6752331186132032,-172.48835245011895,13.266880518709057,0.0004345897090109516,0.08364862321068695,-0.046074937446381206
2.1703406813627253,12.630393777564315,0.40226090231026534,12.544913762088074,0.6831872716775743,-191.1496465805806,12.142652859777808,8.250409287335894e-05,0.08377993307571084,-0.0461110870034146
2.176352705410822,11.983636046387263,0.40636916806099815,11.469026306108494,0.6849616408061072,-159.7165762447645,11.062657138047497,0.00019296782930703857,0.08388322944334929,-0.0461395045513756
2.182364729458918,11.2685118417205,0.4105367065303682,10.67722417806749,0.7059411950836719,-102.46077111660006,10.266687471537121,0.0005796092311378297,0.08390168545126266,-0.04614458008454418
2.188376753507014,10.489100936997588,0.41491191704438285,10.211629044690907,0.75330662918131,-57.61452259855102,9.796717127646524,0.000898872231840634,0.08382614917008945,-0.04612380353622203
2.19438877755511,9.649849860363167,0.4196180506262411,9.896197018283972,0.8119322817255131,-55.932244192434766,9.476578967657732,0.0008450869192520658,0.08370004998678149,-0.046089098596472464
2.200400801603206,8.755546527292966,0.4246391777166873,9.438362694787013,0.8529555867366182,-103.51557003606361,9.013723517070327,0.0003224418248604832,0.08359496340376048,-0.046060156755553694
2.2064128256513027,7.811292925603902,0.4297845802972142,8.595535812431084,0.8499532130493752,-178.47425479302447,8.16575123213387,-0.0005037082476247189,0.08357054124890459,-0.046053428057999356
2.212424849699399,6.8224760086863965,0.43475047347570533,7.313203542507119,0.793560510745812,-243.2322698053418,6.878453069031414,-0.0013003901011200468,0.08364121346934184,-0.046072896701915084
2.218436873747495,5.7947369630112275,0.4392440388725219,5.757628335002904,0.6966168933882688,-265.54567218543207,5.318384296130382,-0.0017506427712930454,0.08376828877174192,-0.04610788247607979
2.224448897795591,4.733939025241175,0.4431015146980186,4.225281549113185,0.58713236325362,-236.46569368500468,3.782180034415166,-0.0017282968485817344,0.08388179674636637,-0.0461391105261833
2.2304609218436875,3.646134032548909,0.44633528222727653,2.980046418750118,0.4928236794787182,-175.22428087087425,2.5337111365228413,-0.0013687874889791354,0.08391968909641576,-0.04614953067689015
2.2364729458917836,2.5375278969722737,0.4490833831131784,2.1093656440777884,0.42573092242639343,-118.36614358669505,1.66028226096461,-0.0009932773878569266,0.08386242151088504,-0.04613378155259152
2.2424849699398797,1.414445200773605,0.4514896374555186,1.4795872690056355,0.37570074927077884,-99.26032228553022,1.028097631550117,-0.0009263963629853925,0.08374367372490954,-0.04610110765060238
2.2484969939879758,0.2832931147881385,0.45358250756996227,0.8150044481590609,0.3164943104856655,-129.4711716394997,0.36142194058909866,-0.001313029005003445,0.08363134585169424,-0.04607017888423107
2.2545090180360723,-0.8494751543948403,0.4552211715174677,-0.14405924616934426,0.22087410527978682,-192.38270584081752,-0.599280417686812,-0.00203913020625661,0.08358952176913931,-0.04605865758256232
2.2605210420841684,-1.9773971798835324,0.4561381418200614,-1.4927112780539957,0.0760489849884334,-252.58573762223983,-1.9488494198740571,-0.0027972622282550186,0.08364266809439692,-0.046073297332750895
2.2665330661322645,-3.094038182537923,0.4560538150575318,-3.1054340931829074,-0.10896683617171533,-275.72439148349713,-3.5614879082404394,-0.003256773488966156,0.08376209895799798,-0.046106178940760995
2.2725450901803605,-4.193027741292982,0.45479965782060666,-4.70345763915003,-0.30797551684206026,-247.682029831775,-5.158257296970636,-0.0032461865746698814,0.0838822233644809,-0.046139227856498544
2.278557114228457,-5.268096136320593,0.45238217080684945,-6.00748281384578,-0.49174297531985456,-182.3912275277869,-6.459864984652629,-0.0028491918209766045,0.08393733116855585,-0.04615438132977426
2.284569138276553,-6.313110117691747,0.4489517333403862,-6.890154171017077,-0.6439397690005486,-113.95290303457908,-7.339105904357463,-0.0023583297255075275,0.08389825711000135,-0.04614363730858483
2.2905811623246493,-7.32210789548091,0.44469342316751925,-7.4431423065546545,-0.7698269136282472,-77.52734798025705,-7.887835729722173,-0.002109344887790398,0.08378849188201622,-0.04611344225585326
2.2965931863727453,-8.289333151692487,0.43970171594998214,-7.921753323251725,-0.8926645029947291,-89.714349653694,-8.361455039201706,-0.002291445446653022,0.08367086281638975,-0.04608106199633193
2.302605210420842,-9.20926787997345,0.43391000889890974,-8.598510690704416,-1.040024149973984,-139.37979015001102,-9.032420699603325,-0.002842965843751759,0.08361231371364111,-0.04606493644859916
2.308617234468938,-10.076663865760867,0.4271137349781637,-9.60782816210403,-1.2278946151185184,-194.0061457702618,-10.034941897082193,-0.003488344854409689,0.08364648428448355,-0.04607434836602791
2.314629258517034,-10.886572627272015,0.4190730845088225,-10.868580541673722,-1.4513545355430764,-217.96144692745958,-11.287653626182545,-0.00389164554499601,0.08375502433980193,-0.04610423181608128
2.32064128256513,-11.634373646522313,0.4096381569058826,-12.127495143560276,-1.6867804562067081,-192.4373975966541,-12.53713330046616,-0.003842267485286941,0.08387805726097186,-0.04613808206435009
2.3266533066132262,-12.315800729314917,0.3988275162526917,-13.098693029256388,-1.9044179315501526,-125.91883894120949,-13.49752054550908,-0.0033727879794799016,0.08394780222186118,-0.046157260084132574
2.3326653306613228,-12.926966343818089,0.3868161088794668,-13.621079118703815,-2.0844848799217424,-49.36949024957927,-14.007895227583282,-0.002741841766442754,0.08392643440289671,-0.04615138534578067
2.338677354709419,-13.464383798878872,0.37383876680705613,-13.745628529593397,-2.2277239342622157,1.1125102149677657,-14.119467296400453,-0.002288245452776769,0.08382705733879858,-0.04612405338714611
2.344689378757515,-13.924987135546962,0.36006376031341847,-13.704125594481052,-2.3543047869695126,4.433509273765146,-14.06418935479447,-0.002239502155876637,0.08370618559663331,-0.04609078784005882
2.350701402805611,-14.306148618326743,0.3455080119472763,-13.777308595593121,-2.4917962446861908,-33.817658360079726,-14.122816607540397,-0.002585704422147308,0.08363203717742446,-0.04607036929988153
2.3567134268537075,-14.60569372637107,0.33004093675300916,-14.136447022105141,-2.6591997561653233,-84.63807989590444,-14.466487958858151,-0.0030881765521070135,0.08364638532952301,-0.04607432111272066
2.3627254509018036,-14.821913559091714,0.31347346210955124,-14.746930082491023,-2.855940532278022,-111.94107309038992,-15.060403544600574,-0.0034136356196995516,0.08374130454064743,-0.04610045552497687
2.3687374749498997,-14.953574585413126,0.2956822135121746,-15.387455897614448,-3.0617207551624297,-92.7787753789156,-15.683138111126622,-0.0033190360148640592,0.08386379810440235,-0.046134160191813094
2.374749498997996,-14.999925681049591,0.276700150193764,-15.77366305982845,-3.2473067591537665,-30.149669722427042,-16.050363210022216,-0.002787549947966025,0.08394559879945504,-0.04615665432313728
2.3807615230460923,-14.96070241365863,0.2567229288111112,-15.716758468561988,-3.3904164669526655,48.73470355245646,-15.9734813973731,-0.0020395438281328353,0.0839413432133939,-0.04615548436243033
2.3867735470941884,-14.836128551423787,0.23602671260702748,-15.228403023140746,-3.4878008571356447,107.69726621516962,-15.464429735747775,-0.0014089569956583655,0.08385378317476128,-0.046131405462278785
2.3927855711422845,-14.626914786460299,0.21484354750184045,-14.513524346000722,-3.55655452051747,121.78658945286686,-14.728367893502563,-0.0011546787887391434,0.08373205852790225,-0.04609791044183098
2.3987975951903806,-14.334254680326664,0.19326484555895948,-13.855510366149918,-3.623955535415266,91.11882821737505,-14.048775211708877,-0.001316486870068,0.08364409862926446,-0.04607369132530272
2.404809619238477,-13.95981785477288,0.17122670609964372,-13.458323573401398,-3.711788900850369,40.66834730261606,-13.629550279501041,-0.001696224449173681,0.08363862118558886,-0.04607218273004623
2.4108216432865732,-13.505740466572192,0.1485838793013564,-13.333859500635281,-3.8239669121025113,6.17967104669194,-13.482443379936637,-0.001970423810590263,0.08371797743790814,-0.04609403417192263
2.4168336673346693,-12.974613020776843,0.12523031653881195,-13.29726059946772,-3.9441326683308255,14.122748460723129,-13.42249091600653,-0.0018703154697182185,0.08383702346236993,-0.0461267951293019
2.4228456913827654,-12.369465591923648,0.1011993793417946,-13.07236763199411,-4.044506341374397,66.90722479607896,-13.173567011335905,-0.0013320735615280851,0.08392854985992199,-0.04615196699003753
2.4288577154308615,-11.693750537501767,0.0766877332493979,-12.447981483978928,-4.101204963226527,141.59270520068392,-12.524669217228327,-0.000534261944326602,0.08394090394063884,-0.0461553635943289
2.434869739478958,-10.95132280230217,0.05198878273396219,-11.397460821533347,-4.10750417579921,202.76218769359073,-11.44944960426731,0.00020168589968445072,0.08386674832123932,-0.04613497165386376
2.440881763527054,-10.146417926012626,0.027372714198369626,-10.095006770740667,-4.077423043048487,222.31257478178588,-10.122379484939037,0.000592883441007776,0.0837469792418303,-0.04610201748940511
2.44689378757515,-9.283627879523511,0.0029810105597561187,-8.819954914698481,-4.037593950587682,195.08165293848913,-8.822935925258237,0.0005529931235851262,0.08364772729257852,-0.046074690703041335
2.4529058116232463,-8.367874867799342,-0.021205605983240918,-7.80293678112797,-4.0122165097971125,141.60804627844962,-7.78173117514473,0.00023717156476497933,0.08362334579342144,-0.046067975326901794
2.458917835671343,-7.404383248769195,-0.04530920117093705,-7.100046292380924,-4.0096277158108995,96.53016267160208,-7.0547370912099865,-4.728085821200184e-05,0.08368608888498436,-0.04608525462367011
2.464929859719439,-6.398649728439266,-0.06944008542147159,-6.565127431115657,-4.017791662039814,89.1627844634725,-6.4956873456941855,-1.2396356177897919e-05,0.08379943105922645,-0.046116452374795044
2.470941883767535,-5.356412002262603,-0.09358947024437486,-5.935252523560084,-4.011089439974971,127.1256340599205,-5.84166305331571,0.0004497911665889692,0.08389868950802656,-0.04614375621684722
2.476953907815631,-4.283616021668378,-0.11758912158740299,-4.981206544889178,-3.964754252695169,192.1531360333918,-4.863617423301775,0.001205310838390765,0.08392727145034708,-0.046151615492595485
2.4829659318637276,-3.1863820724932155,-0.14116127780722384,-3.6386601792712705,-3.8689644515985546,250.3808499019281,-3.4974989014640467,0.0019523846609552915,0.08386822625018586,-0.04613537815531416
2.4889779559118237,-2.070969858837813,-0.16403125794152898,-2.046835877127623,-3.734537582931353,271.30215178658653,-1.882804619186094,0.0023916533250498404,0.0837535457836437,-0.04610382486738024
2.49498997995992,-0.943742791543308,-0.1860391277352678,-0.47345212707349726,-3.5869511400141905,244.7768359425644,-0.2874129993382295,0.0023940114019083665,0.0836461339800188,-0.04607425188817245
2.501002004008016,0.1888683149768092,-0.20718771990953233,0.831730144308247,-3.4522462172256505,186.6034222607615,1.0389178642177792,0.002069970449805204,0.08360458363159981,-0.04606280701363496
2.5070140280561124,1.3204019304417656,-0.2276012961521644,1.7726993397276098,-3.3428692677306344,129.58980871191653,2.0003006358797744,0.0017049496690538354,0.0836504661245798,-0.04607544499612554
2.5130260521042085,2.4444026716418525,-0.2474191432342522,2.4565898990454005,-3.251206000728329,105.1661293520537,2.7040090422796528,0.0015997385001912602,0.08375642175636211,-0.0461046164291168
2.5190380761523046,3.554458130308084,-0.2666834719000332,3.1294536585243233,-3.1542350926256204,125.84287879635436,3.3961371304243566,0.0019031725641782437,0.08386166142324991,-0.046133572485194334
2.5250501002004007,4.644235455810428,-0.28528386047782867,4.034740417745494,-3.026792206421737,178.30547354787433,4.320024278223323,0.002527924675739889,0.08390606782644686,-0.046145785186807564
2.5310621242484967,5.7075174839805705,-0.30298976345847567,5.273836002883832,-2.8561532587016423,230.96170209342057,5.576825766342307,0.0031984094014073992,0.08386375000440974,-0.04613414696171183
2.5370741482965933,6.73823820594537,-0.3195533437510616,6.746559809266644,-2.6496497428187786,251.66777187110077,7.066113153017706,0.003606216869178519,0.08375735233656884,-0.046104872552309606
2.5430861723446894,7.730517374620958,-0.33482453986171884,8.204520318797915,-2.4309239201028827,225.6931511752826,8.539344858659634,0.0035836799795220028,0.08364524019054542,-0.04607400572741534
2.5490981963927855,8.678694051439404,-0.3488135045872736,9.387120610755739,-2.227077855790576,163.89490564250366,9.735934115343012,0.0031956354734991635,0.08358879685211477,-0.046058457863885315
2.5551102204408815,9.577358901922647,-0.36166629341012013,10.16395650486489,-2.0541085459603172,96.5748286542699,10.52562279827501,0.002700328294128016,0.08361813075015445,-0.0460665388247621
2.561122244488978,10.421385055858794,-0.37356857936324095,10.604089293133592,-1.90866694037241,56.50809792385988,10.977657872496833,0.0024049485942848376,0.08371537180080471,-0.04609331685131894
2.567134268537074,11.205957356023754,-0.3846311927059368,10.933834693536449,-1.770527514311292,60.66113399322662,11.318465886242386,0.0024953487334161604,0.08382486154097747,-0.0461234492876919
2.5731462925851702,11.92659982858526,-0.39482079778185264,11.407083820444546,-1.6144263192515063,100.80996331338571,11.801904618226398,0.0029319858360578434,0.0838844103688291,-0.04613982933098377
2.5791583166332663,12.579201218469702,-0.4039745838083984,12.160931313073446,-1.4248005535997552,148.26569413153976,12.564905896881845,0.0034712445941133888,0.08386004039070405,-0.04613312660573893
2.585170340681363,13.160038444014086,-0.4118911635363714,13.137299476794485,-1.2051123216699884,170.0110209290846,13.549190640330856,0.003802882837691072,0.08376482957361507,-0.04610693045742416
2.591182364729459,13.665797837093843,-0.4184463456624578,14.114071633355612,-0.9763812231759819,147.18921469408266,14.53251797901807,0.0037252458073688457,0.08365143486614,-0.04607571179122731
2.597194388777555,14.093594047552754,-0.42366829008036183,14.82791951710464,-0.7658476106860239,85.61531680209347,15.251587807185002,0.0032570169117083314,0.08358256077698739,-0.04605673975469164
2.603206412825651,14.440986504084403,-0.42773041602226713,15.119886726053599,-0.5923280179991809,12.471012627400379,15.547617142075866,0.002624284931657026,0.0835959062920095,-0.04606041651676611
2.6092184368737477,14.705993337656903,-0.4308670971729996,15.022367658110742,-0.45640339635695015,-38.914756018141766,15.453234755283741,0.0021340091647417078,0.08368319084561662,-0.046084456653301104
2.6152304609218437,14.88710268804748,-0.4332593035726931,14.73915391458228,-0.3406949802186422,-47.6565243293545,15.172413218154974,0.002004392763959396,0.0837949707643067,-0.0461152250650582
2.62124248496994,14.983281328983754,-0.43495325900995313,14.5301206599182,-0.22005415829664476,-16.881556916884946,14.965073918928153,0.0022436567831360865,0.08386843868435513,-0.04613543658462026
2.627254509018036,14.993980562684811,-0.43585732902749336,14.565317839176116,-0.07613277429870896,28.15663734859374,15.00117516820361,0.0026449723811922464,0.0838625419759255,-0.046133814687252826
2.6332665330661325,14.919139350174298,-0.4358191857422445,14.83007185819972,0.0918294297035908,54.31323924475133,15.265891043941965,0.0029032007422539513,0.08378079667282161,-0.04611132465757252
2.6392785571142285,14.759184659506932,-0.4347396953119799,15.133883380780308,0.2661999739060031,39.135576289291826,15.568623076092287,0.0027876956626667407,0.0836691488850014,-0.04608059002687705
2.6452905811623246,14.515029029921784,-0.4326589231405198,15.217735270889992,0.4205423235347369,-16.597992586414982,15.650394194030513,0.002271236966292519,0.08359017421305157,-0.04605883733375285
2.6513026052104207,14.188065365818886,-0.4297661770672698,14.89949672147189,0.5340143145331631,-89.36064742879897,15.32926289853916,0.0015432212611820155,0.0835880733444024,-0.046058258532618156
2.657314629258517,13.780158990259409,-0.4263293699453858,14.176090154750108,0.6025122327247611,-146.05898299008933,14.602419524695494,0.0009035119921726451,0.083664036980234,-0.04607918232051773
2.6633266533066133,13.293637003324035,-0.42258331412169864,13.225541931484562,0.6405525014434619,-162.50570447888725,13.648125245606261,0.0005970314703821294,0.08377574806718212,-0.04610993530935584
2.6693386773547094,12.731275006040226,-0.4186384489730863,12.308154863671234,0.6729115754384651,-136.84886029717867,12.72679331264432,0.0006783589466848799,0.08386120785923618,-0.04613344772880242
2.6753507014028055,12.096281265617506,-0.41446045742240134,11.62237904102896,0.7205416248643897,-90.47610764408357,12.03683949845136,0.0009810824917710452,0.08387343119173514,-0.04613680973573383
2.6813627254509016,11.39227841232875,-0.40993234057088107,11.196036384090409,0.788596536776257,-55.93984562485662,11.60596872466129,0.0012117111568589278,0.0838065958975036,-0.04611842380739702
2.687374749498998,10.623282772455804,-0.4049639691994678,10.873490256860125,0.8634213108332579,-58.69822052464742,11.278454226059592,0.001116131175194514,0.08369912061680933,-0.04608884271882849
2.693386773547094,9.793681455205366,-0.39958686785930425,10.405515562235053,0.9202058488711059,-102.89398419147263,10.805102430094356,0.0006224590092720434,0.0836120544171619,-0.04606486502081199
2.6993987975951903,8.90820732431283,-0.3939809386698333,9.591285994966588,0.9368189578466155,-169.09241606921424,9.98526693363642,-0.00012037599817176208,0.08359490019771255,-0.04606013934253677
2.7054108216432864,7.971911997122146,-0.3884188894841085,8.392949305267155,0.9060116370578263,-225.19585130785566,8.781368194751265,-0.0008264790847188493,0.08365799240142262,-0.046077517720707895
2.711422845691383,6.990137025180447,-0.383159726329433,6.95893909687538,0.839364154846714,-244.38798960096236,7.342098823204813,-0.0012307415064724194,0.0837668658952535,-0.04610749088338127
2.717434869739479,5.968483420762685,-0.3783499790720012,5.543331058049447,0.760887975401138,-220.06212503641643,5.9216810371214486,-0.0012350982351419899,0.08386169702188546,-0.04613358227686809
2.723446893787575,4.9127797031755795,-0.3739871144262234,4.366673827964781,0.6937267667787183,-169.40756449994873,4.740660942391004,-0.0009632680616388574,0.08389081045509528,-0.04614158945097731
2.729458917835671,3.8290486471380976,-0.36996566731148195,3.496213059962208,0.6473036138379652,-123.69663830117317,3.86617872727369,-0.0006910821631238461,0.08383947581135393,-0.046127469760671724
2.7354709418837677,2.7234729229370003,-0.3661801990914407,2.8123215660438654,0.612237377259698,-110.74908886013702,3.178501765135306,-0.0006900441680877382,0.0837379666818439,-0.04609953675289931
2.741482965931864,1.6023598243810655,-0.36262659380841983,2.079488603084666,0.5659366201588748,-139.39958715926696,2.442115196893086,-0.0010742502955721248,0.08364448759571101,-0.04607379845240107
2.74749498997996,0.47210528577884003,-0.3594445360520306,1.0818046210742407,0.4855664755233589,-194.63017708070484,1.4412491571262713,-0.001737890887067099,0.0836125684203607,-0.046065006611948275
2.753507014028056,-0.6608426067753614,-0.3568779934909697,-0.2529885114785058,0.3610121191449718,-246.04442156872548,0.1038894820124639,-0.002415504445043853,0.08366116640984429,-0.046078391809590065
2.759519038076152,-1.7900204016411707,-0.35517630452270893,-1.8101240833410788,0.20074074406858272,-264.89758405365376,-1.4549477788183698,-0.0028289076136860944,0.08376419518195953,-0.04610675586202729
2.7655310621242486,-2.908986155532105,-0.35449053224647215,-3.349032420287302,0.027439692093805243,-240.1423607473801,-2.99454188804083,-0.0028407448447194668,0.08386528202379723,-0.046134568348096185
2.7715430861723447,-4.011356184710128,-0.35482223531998264,-4.634583001774283,-0.13422747755228426,-184.53115844851226,-4.2797607664543005,-0.0025311436532928977,0.08390937294691322,-0.04614669403572097
2.7775551102204408,-5.090841483811366,-0.3560533252812363,-5.564801204452548,-0.27102170960035543,-127.40695337153639,-5.208747879171312,-0.002152925957931553,0.08387344503174303,-0.04613681354226574
2.783567134268537,-6.141283604531987,-0.35804041586491164,-6.223770900979169,-0.38809110094325533,-98.26248319370791,-5.865730485114257,-0.0019884829157119765,0.08377921265207783,-0.04611088874837299
2.7895791583166334,-7.156689789488533,-0.36072020168308533,-6.8305024929591704,-0.5054949278612841,-110.28457169421097,-6.469782291276085,-0.0021903858457362935,0.08368082832899766,-0.04608380612801602
2.7955911823647295,-8.131267160813325,-0.364166290888074,-7.612760638894491,-0.6463718306517534,-153.07364387282047,-7.248594348006417,-0.0026971837850746846,0.08363452517116947,-0.04607105457517819
2.8016032064128256,-9.059455768441008,-0.3685662065594289,-8.67661697797823,-0.8235350565094066,-198.56423228675033,-8.3080507714188,-0.003269484510794071,0.08366718909293792,-0.04608005034824609
2.8076152304609217,-9.935960309544363,-0.3741321516676689,-9.944601591793608,-1.0318951606450775,-216.78969792243777,-9.57046944012594,-0.003623239848521363,0.0837614358348816,-0.046105996434985974
2.813627254509018,-10.755780338161893,-0.3809951725936096,-11.19673898938744,-1.2507716704633478,-192.64946570483443,-10.81574381679383,-0.0035869308402334604,0.08386550163696818,-0.04613462875302161
2.8196392785571143,-11.514238792670756,-0.3891411929401674,-12.19115878759635,-1.4548503749662345,-134.3114483606289,-11.802017594656183,-0.003197433190499778,0.08392229632152719,-0.04615024756038928
2.8256513026052104,-12.207008678357361,-0.3984247185190637,-12.796646652652102,-1.627799023540872,-68.58914191450567,-12.398221934133039,-0.0026799704587476634,0.08390128838234073,-0.046144470893648634
2.8316633266533064,-12.83013775286046,-0.4086528709331506,-13.063048430885683,-1.7708607833743786,-25.92747243419909,-12.654395559952532,-0.0023210689760827913,0.08381542265701948,-0.046120852408116246
2.837675350701403,-13.380071073657833,-0.41969230762102694,-13.190511165348882,-1.9014893370595412,-23.423986123918166,-12.770818857727855,-0.0023068907323524376,0.08371372133635142,-0.04609286247983181
2.843687374749499,-13.85367127896269,-0.4315385952754842,-13.41514033218127,-2.042879260333389,-55.37363508576655,-12.983601736905786,-0.002620096057893389,0.08365378058872924,-0.04607635780573057
2.849699398797595,-14.248236486328445,-0.4443096373179385,-13.875266402707387,-2.210439617694488,-96.5847371456962,-13.43095676538945,-0.0030518568718747195,0.08366956506858461,-0.04608070463280695
2.8557114228456912,-14.561515706849478,-0.45816779308195077,-14.533085792516248,-2.4027408899033653,-116.56401606647562,-14.074917999434298,-0.0033191132349122045,0.0837525116105689,-0.04610354022581037
2.8617234468937873,-14.79172168702095,-0.4732143898267002,-15.195214017610539,-2.6018149500209553,-96.60796599018573,-14.72199962778384,-0.003221782426960332,0.083856483368184,-0.04613214819987592
2.867735470941884,-14.937541104994674,-0.48941510838772434,-15.62029474549139,-2.782639398568909,-40.2440992359547,-15.130879637103666,-0.002754741409313259,0.08392370040713924,-0.046150633623631115
2.87374749498998,-14.99814206306156,-0.5065980124452534,-15.653236986746704,-2.926642022265155,28.783547430598308,-15.14663897430145,-0.0021117564581968518,0.08391704328034859,-0.04614880317102411
2.879759519038076,-14.973178833616323,-0.5245258193759643,-15.31100568432222,-3.0316484944099007,79.8095548228448,-14.786479864946255,-0.0015767394995227022,0.08384067725292763,-0.04612780026882902
2.885771543086172,-14.8627938315285,-0.5430018387803095,-14.772266534700334,-3.112564255687929,92.35257399881935,-14.229264695920024,-0.0013637040143852463,0.08373756256653904,-0.046099425515717635
2.8917835671342687,-14.667616801667627,-0.561949751180138,-14.277055349377193,-3.1924505141213797,67.46551933972464,-13.715105598197054,-0.001497864575223036,0.08366532979008606,-0.04607953833603467
2.8977955911823647,-14.388761226217795,-0.5814228897859434,-13.992851390730898,-3.2891859026211288,27.01651195850087,-13.411428500944956,-0.0018042363754012028,0.08366404211499535,-0.04607918373453986
2.903807615230461,-14.027817972277473,-0.601538935148054,-13.921969812721736,-3.405198185273619,1.3504581711812995,-13.320430877573681,-0.00200692798143051,0.08373387424918156,-0.04609841025340038
2.909819639278557,-13.586846215985386,-0.622377083636327,-13.90181491171846,-3.5258340824499284,12.26749972317961,-13.279437828082134,-0.0018829387527189848,0.0838351750781595,-0.0461262866396978
2.9158316633266534,-13.068361694949797,-0.6438948922812717,-13.697476703569631,-3.6272260969291525,60.840398474518494,-13.053581811288359,-0.001387004497946993,0.08391079018000794,-0.046147083743947534
2.9218436873747495,-12.475322356001382,-0.6659113310962282,-13.134597589078748,-3.6893835933893153,126.85653617831606,-12.468686257982519,-0.0006782420640632367,0.08391804943457248,-0.046149079829210835
2.9278557114228456,-11.81111148014827,-0.6881661054311322,-12.198138358736422,-3.707201438061966,180.14982038252222,-11.509972253305289,-3.138901485321854e-05,0.08385252005088832,-0.046131058012845005
2.9338677354709417,-11.079518381006116,-0.7104221682132441,-11.042024990328086,-3.6930848488904413,197.44637559984784,-10.331602822114842,0.00031792115326487565,0.0837503297266642,-0.04610293968723791
2.9398797595190382,-10.284716786817608,-0.7325535753614235,-9.904637482256817,-3.669713564583027,175.2949826227357,-9.172083906895393,0.00030446496187588363,0.08366785346330179,-0.046080233300245396
2.9458917835671343,-9.431241029392401,-0.7545696944497865,-8.97769430330641,-3.657183670713524,131.88111034176887,-8.223124608856624,6.715812542529985e-05,0.08365016533394033,-0.04607536215692772
2.9519038076152304,-8.523960175808089,-0.7765633134002871,-8.301914852817385,-3.6617945718290947,96.7531430969695,-7.525351539417097,-0.00013073012565890352,0.08370590060413946,-0.04609070937787793
2.9579158316633265,-7.56805025045195,-0.7986124967448055,-7.7476053246006185,-3.6725987960056226,94.24869479224088,-6.948992827855813,-4.875915161297343e-05,0.08380257903808748,-0.046117318563574775
2.963927855711423,-6.56896470587514,-0.8206909450791164,-7.090637524533182,-3.667544037971363,129.8986481817626,-6.269946579454066,0.0003962421198049143,0.08388492950719949,-0.04613997210434681
2.969939879759519,-5.532403310923707,-0.8426369118954161,-6.141022225077193,-3.6258756563160266,187.3885795817846,-5.298385313181777,0.0010823950299632457,0.08390585695016649,-0.04614572719900107
2.975951903807615,-4.464279633637688,-0.8641986254259544,-4.852036419334036,-3.53991274473783,237.73557330388022,-3.9878377939080814,0.0017503406457198673,0.08385269574384388,-0.046131106341134216
2.9819639278557113,-3.3706873044297843,-0.8851310566695622,-3.349034934303727,-3.419483134151516,255.50398519342934,-2.4639038776341646,0.0021492357347554494,0.08375414318936086,-0.046103989294087114
2.9879759519038074,-2.257865252010278,-0.90528946999183,-1.8621667369754265,-3.286484256342168,232.97785735114536,-0.9568772669835964,0.002177025506236964,0.08366409299313363,-0.04607919774547375
2.993987975951904,-1.1321621103872288,-0.924667377032522,-0.6009288734689592,-3.1627777973089626,184.38652517278024,0.3237385035635628,0.0019350984547313248,0.0836314609628933,-0.046070210589996725
3.0,-2.2043642384652355e-14,-0.9433586300660974,0.35918461494155907,-3.0583059004973814,137.86356360473582,1.3025432450076564,0.0017719770600894947,0.08367288402692237,-0.046081618575780546
